ID,Affiliate_segment,Afiiliate_Username,Tier,KAM Lead,KAM
1468622524,Content | TE & HE,Guilherme,Bronze,Thales Rimoli,Alexandre Garcia
2070420611,Content | TE & HE,erick7link,Bronze,Thales Rimoli,Alexandre Garcia
293046454,Content | TE & HE,lira9466022,Bronze,Thales Rimoli,Alexandre Garcia
488170189,Content | TE & HE,lopes099,Bronze,Thales Rimoli,Alexandre Garcia
435328576,Content | TE & HE,thalera,Bronze,Thales Rimoli,Alexandre Garcia
615723245,Content | TE & HE,memorycard8mb,Bronze,Thales Rimoli,Alexandre Garcia
1661960926,Content | TE & HE,ezhardwarebrasil,Bronze,Thales Rimoli,Alexandre Garcia
2086780678,Content | TE & HE,dicasja,Bronze,Thales Rimoli,Alexandre Garcia
1316590351,Content | TE & HE,betech,Bronze,Thales Rimoli,Alexandre Garcia
8467064,Content | TE & HE,descontogamer,Bronze,Thales Rimoli,Alexandre Garcia
1389303807,Content | TE & HE,hadesplays,Bronze,Thales Rimoli,Alexandre Garcia
83215915,Content | TE & HE,comoclube,Bronze,Thales Rimoli,Alexandre Garcia
307427045,Content | TE & HE,sacempresarialmorpheus,Bronze,Thales Rimoli,Alexandre Garcia
770450283,Content | TE & HE,senhorlinguica,Bronze,Thales Rimoli,Alexandre Garcia
294107410,Content | TE & HE,baptistapromos,Bronze,Thales Rimoli,Alexandre Garcia
1987552500,Content | TE & HE,garagemdoinventor,Bronze,Thales Rimoli,Alexandre Garcia
2227174979,Content | TE & HE,es20250123132717,Bronze,Thales Rimoli,Alexandre Garcia
1764923140,Content | TE & HE,italocanellayt,Bronze,Thales Rimoli,Alexandre Garcia
199937377,Content | TE & HE,reviews_curtinhas,Bronze,Thales Rimoli,Alexandre Garcia
1639459856,Content | TE & HE,huvi20240114214038,Bronze,Thales Rimoli,Alexandre Garcia
554844620,Content | TE & HE,AbraÃƒÂ£o,Bronze,Thales Rimoli,Alexandre Garcia
480209739,Content | TE & HE,roca219547,Bronze,Thales Rimoli,Alexandre Garcia
628957878,Content | TE & HE,ninjarecomenda,Bronze,Thales Rimoli,Alexandre Garcia
1288325538,Content | TE & HE,canaljms,Bronze,Thales Rimoli,Alexandre Garcia
2284013461,Content | TE & HE,Maria Joselma da Silva Souza,Bronze,Thales Rimoli,Alexandre Garcia
807123036,Content | TE & HE,ofertastech26,Bronze,Thales Rimoli,Alexandre Garcia
1485911737,Content | TE & HE,tecnoinfo,Bronze,Thales Rimoli,Alexandre Garcia
472977261,Content | TE & HE,siga3918026,Bronze,Thales Rimoli,Alexandre Garcia
825449869,Content | TE & HE,lara,Bronze,Thales Rimoli,Alexandre Garcia
3470857,Content | TE & HE,aprendemosjuntos,Bronze,Thales Rimoli,Alexandre Garcia
473569671,Content | TE & HE,loukosportech,Bronze,Thales Rimoli,Alexandre Garcia
202823323,Content | TE & HE,brunamota,Bronze,Thales Rimoli,Alexandre Garcia
1385148205,Content | TE & HE,afgg,Bronze,Thales Rimoli,Alexandre Garcia
2954395431,Content | TE & HE,JORDIREIS,Bronze,Thales Rimoli,Alexandre Garcia
129155745,Content | TE & HE,Camila,Bronze,Thales Rimoli,Alexandre Garcia
3378770,Content | TE & HE,shopmais,Bronze,Thales Rimoli,Alexandre Garcia
269789297,Content | TE & HE,mozuka,Bronze,Thales Rimoli,Alexandre Garcia
220392765,Content | TE & HE,reneparaiso,Bronze,Thales Rimoli,Alexandre Garcia
202938526,Content | TE & HE,girouchegou,Bronze,Thales Rimoli,Alexandre Garcia
1850405221,Content | TE & HE,gldabxd,Bronze,Thales Rimoli,Alexandre Garcia
71485757,Content | TE & HE,ricardohirano,Bronze,Thales Rimoli,Alexandre Garcia
1436446356,Content | TE & HE,viniciusvinicius20230728234646,Bronze,Thales Rimoli,Alexandre Garcia
208517012,Content | TE & HE,canalrcs,Bronze,Thales Rimoli,Alexandre Garcia
148547694,Content | TE & HE,smart.imagens,Bronze,Thales Rimoli,Alexandre Garcia
415440075,Content | TE & HE,vips.shopp,Bronze,Thales Rimoli,Alexandre Garcia
107916024,Content | TE & HE,jordi.tech,Bronze,Thales Rimoli,Alexandre Garcia
127813707,Content | TE & HE,maurilho_tech,Bronze,Thales Rimoli,Alexandre Garcia
246496843,Content | TE & HE,renatoberna70,Bronze,Thales Rimoli,Alexandre Garcia
178915286,Content | TE & HE,erislene_sousa,Bronze,Thales Rimoli,Alexandre Garcia
65781822,Content | TE & HE,rafinhageekantenado,Bronze,Thales Rimoli,Alexandre Garcia
314331166,Content | Cross,ofertasrelampago,Gold,Thales Rimoli,Carli Vasconcelos
1803140827,Content | Lifestyle,tenisofertas,Gold,Caroline Marion,Caroline Marion
250081476,Content | Lifestyle,lela1909003,Silver,Caroline Marion,Gabriela Oliveira
670605565,Content | Lifestyle,marinasmith,Bronze,Caroline Marion,Gabriela Oliveira
1461003474,Content | Lifestyle,PROMOLOUCAS LTDA PROMOLOUCAS LTDA,Bronze,Caroline Marion,Gabriela Oliveira
144342229,Content | Lifestyle,jessicamoraes756,Bronze,Caroline Marion,Gabriela Oliveira
646166616,Content | Lifestyle,luvilelapaes,Bronze,Caroline Marion,Gabriela Oliveira
1340298923,Content | Lifestyle,manualdorecemnascido,Bronze,Caroline Marion,Gabriela Oliveira
1096037132,Content | Lifestyle,Catia,Bronze,Caroline Marion,Gabriela Oliveira
1426420422,Content | Lifestyle,dicasdeofertas,Bronze,Caroline Marion,Gabriela Oliveira
440968000,Content | Lifestyle,dicadajuh,Bronze,Caroline Marion,Gabriela Oliveira
1408672391,Content | Lifestyle,tuanetuane20230627160833,Bronze,Caroline Marion,Gabriela Oliveira
1909872740,Content | Lifestyle,musasdapromo01,Bronze,Caroline Marion,Gabriela Oliveira
209297929,Content | Lifestyle,Felipe,Bronze,Caroline Marion,Gabriela Oliveira
1064692687,Content | Lifestyle,promosdamai,Bronze,Caroline Marion,Gabriela Oliveira
1437132261,Content | Lifestyle,JOHYCE DE AZEVEDO 45894216826 JOHYCE DE AZEVEDO 45894216826,Bronze,Caroline Marion,Gabriela Oliveira
734782220,Content | Lifestyle,alinedm,Bronze,Caroline Marion,Gabriela Oliveira
2953203570,Content | Lifestyle,promosday1,Bronze,Caroline Marion,Gabriela Oliveira
367093050,Content | Lifestyle,ofertadodomomento_,Bronze,Caroline Marion,Gabriela Oliveira
189407558,Content | Lifestyle,jennifer,Bronze,Caroline Marion,Gabriela Oliveira
1957518964,Content | Lifestyle,sp20240821134503,Bronze,Caroline Marion,Gabriela Oliveira
2359144247,Content | Lifestyle,miepromo,Bronze,Caroline Marion,Gabriela Oliveira
116913346,Content | Lifestyle,leticiaborges,Bronze,Caroline Marion,Gabriela Oliveira
280444174,Content | Lifestyle,diadepromos,Bronze,Caroline Marion,Gabriela Oliveira
2354114877,Content | Lifestyle,tioparfum,Bronze,Caroline Marion,Gabriela Oliveira
648617114,Content | Lifestyle,brunotorres,Bronze,Caroline Marion,Gabriela Oliveira
273751814,Content | Lifestyle,universo,Bronze,Caroline Marion,Gabriela Oliveira
204957772,Content | Lifestyle,lorecoelho,Bronze,Caroline Marion,Gabriela Oliveira
155205923,Content | Lifestyle,ingridysantiago,Bronze,Caroline Marion,Gabriela Oliveira
1536298884,Content | Lifestyle,isabellaisabella20231104105002,Bronze,Caroline Marion,Gabriela Oliveira
246973604,Content | Lifestyle,dicasepromos,Bronze,Caroline Marion,Gabriela Oliveira
440625458,Content | Lifestyle,saju7058571,Bronze,Caroline Marion,Gabriela Oliveira
358402522,Content | Lifestyle,promodehojee,Bronze,Caroline Marion,Gabriela Oliveira
221861528,Content | Lifestyle,vipa9017964,Bronze,Caroline Marion,Gabriela Oliveira
45185619,Content | Lifestyle,espiadefarmacia,Bronze,Caroline Marion,Gabriela Oliveira
161561413,Content | Lifestyle,larafandrade,Bronze,Caroline Marion,Gabriela Oliveira
178031903,Content | Lifestyle,brunagoldoni,Bronze,Caroline Marion,Gabriela Oliveira
1432792519,Content | Lifestyle,brunabruna20230726004229,Bronze,Caroline Marion,Gabriela Oliveira
1444457359,Content | Lifestyle,achadosdanessa,Bronze,Caroline Marion,Gabriela Oliveira
380661803,Content | Lifestyle,procasports,Bronze,Caroline Marion,Gabriela Oliveira
742314482,Content | Lifestyle,promodalaila,Bronze,Caroline Marion,Gabriela Oliveira
1390984189,Content | Lifestyle,recebidinho,Bronze,Caroline Marion,Gabriela Oliveira
186778702,Content | Lifestyle,mamaeseconomicas,Bronze,Caroline Marion,Gabriela Oliveira
205255635,Content | Lifestyle,tamiressturnichi,Bronze,Caroline Marion,Gabriela Oliveira
293720044,Content | Lifestyle,alizppasilva,Bronze,Caroline Marion,Gabriela Oliveira
287782494,Content | Lifestyle,nathalia_gabriela,Bronze,Caroline Marion,Gabriela Oliveira
1426415184,Content | Lifestyle,YES MILHAS CURSOS E TREINAMENT YES MILHAS CURSOS E TREINAMENT,Bronze,Caroline Marion,Gabriela Oliveira
272209245,Content | Lifestyle,Luciano,Bronze,Caroline Marion,Gabriela Oliveira
455002960,Content | Lifestyle,vianerabelo,Bronze,Caroline Marion,Gabriela Oliveira
2458708537,Content | Lifestyle,IAN ROBERT SANTOS S,Bronze,Caroline Marion,Gabriela Oliveira
152450825,Content | Lifestyle,Paula,Bronze,Caroline Marion,Gabriela Oliveira
308454102,Content | Lifestyle,Nicoli,Bronze,Caroline Marion,Gabriela Oliveira
480148356,Content | Lifestyle,Agatha,Bronze,Caroline Marion,Gabriela Oliveira
54887919,Content | Lifestyle,Jeniffer Paloma,Bronze,Caroline Marion,Gabriela Oliveira
208763779,Content | Lifestyle,Amanda,Bronze,Caroline Marion,Gabriela Oliveira
379390087,Content | Lifestyle,topdescontos,Bronze,Caroline Marion,Gabriela Oliveira
218124071,Content | Lifestyle,3mvjoao,Bronze,Caroline Marion,Gabriela Oliveira
644753190,Content | C&I + F&H,goma1851882,Silver,Lucas Vesterman,Ketlyn Gibeli
304274076,Content | C&I + F&H,sica4543923,Silver,Lucas Vesterman,Ketlyn Gibeli
89888506,Content | Lifestyle,evelyn_regly,Gold,Caroline Marion,Leonardo Santos
211875855,Content | Cross,Marcos,Bronze,Thales Rimoli,Nina Adler
151613737,Content | Cross,rafaelsalvador,Bronze,Thales Rimoli,Nina Adler
1452102353,Content | Cross,bugadao,Bronze,Thales Rimoli,Nina Adler
286235056,Content | Cross,larissamarchetti,Bronze,Thales Rimoli,Nina Adler
151885557,Content | Cross,luana_poliedro,Bronze,Thales Rimoli,Nina Adler
247374806,Content | Cross,62 496 687 YGOR RIBEIRO DA SIL,Bronze,Thales Rimoli,Nina Adler
6767693,Content | Cross,promobkids,Bronze,Thales Rimoli,Nina Adler
241322914,Content | Cross,promobaby,Bronze,Thales Rimoli,Nina Adler
187537453,Content | Cross,guiato,Bronze,Thales Rimoli,Nina Adler
432635271,Content | Cross,monetizacaodevideos,Bronze,Thales Rimoli,Nina Adler
261918389,Content | Cross,blackofertas,Bronze,Thales Rimoli,Nina Adler
25086949,Content | Cross,coringa_2010,Bronze,Thales Rimoli,Nina Adler
526807890,Content | Cross,achadinhosdaline,Bronze,Thales Rimoli,Nina Adler
60759037,Content | Cross,Promo,Bronze,Thales Rimoli,Nina Adler
1871694076,Content | Cross,opromoshow,Bronze,Thales Rimoli,Nina Adler
531037651,Content | Cross,felipespacebike,Bronze,Thales Rimoli,Nina Adler
486118420,Content | Cross,tatiana,Bronze,Thales Rimoli,Nina Adler
199596020,Content | Cross,shareyouroferta,Bronze,Thales Rimoli,Nina Adler
51908994,Content | Cross,jhonyalbanese,Bronze,Thales Rimoli,Nina Adler
1377978276,Content | Cross,superdicas,Bronze,Thales Rimoli,Nina Adler
1983351012,Content | Cross,priscilasilva9703,Bronze,Thales Rimoli,Nina Adler
297607087,Content | Cross,baratinhosimperdi,Bronze,Thales Rimoli,Nina Adler
1481291340,Content | Cross,pinceipincei20230914215020,Bronze,Thales Rimoli,Nina Adler
1690741909,Content | Cross,perigodaspromo,Bronze,Thales Rimoli,Nina Adler
530861291,Content | Cross,baratinos,Bronze,Thales Rimoli,Nina Adler
2238686778,Content | Cross,sopromosrelampago,Bronze,Thales Rimoli,Nina Adler
1051711586,Content | Cross,mildicasdamay,Bronze,Thales Rimoli,Nina Adler
1497771941,Content | Cross,ofertaesperta,Bronze,Thales Rimoli,Nina Adler
2009130689,Content | Cross,promokds,Bronze,Thales Rimoli,Nina Adler
311285776,Content | Cross,bigofertasvip,Bronze,Thales Rimoli,Nina Adler
7158722,Content | Cross,joaorochalucas,Bronze,Thales Rimoli,Nina Adler
580088514,Content | Cross,jejo9955894,Bronze,Thales Rimoli,Nina Adler
2015096198,Content | Cross,assessoria.rshein,Bronze,Thales Rimoli,Nina Adler
53501280,Content | Cross,promodescontocupons,Bronze,Thales Rimoli,Nina Adler
643684687,Content | Cross,bigpromos,Bronze,Thales Rimoli,Nina Adler
1433463620,Content | Cross,girlsbugs,Bronze,Thales Rimoli,Nina Adler
1821745541,Content | Cross,flashpromo,Bronze,Thales Rimoli,Nina Adler
262663582,Content | Cross,atipicostore,Bronze,Thales Rimoli,Nina Adler
72221514,Content | Cross,monedeira,Bronze,Thales Rimoli,Nina Adler
6867385,Content | Cross,ofertasml,Bronze,Thales Rimoli,Nina Adler
1590840544,Content | Cross,comprare,Bronze,Thales Rimoli,Nina Adler
190304867,Content | Cross,melissalopes,Bronze,Thales Rimoli,Nina Adler
390160138,Content | Cross,INGRID ANDRADE DA SILVA 122408,Bronze,Thales Rimoli,Nina Adler
1377796369,Content | Cross,costaester20230518184738,Bronze,Thales Rimoli,Nina Adler
288720773,Content | Cross,omundodepromos,Bronze,Thales Rimoli,Nina Adler
512825537,Content | Cross,cacadescontos,Bronze,Thales Rimoli,Nina Adler
795243402,Content | Cross,megapromos,Bronze,Thales Rimoli,Nina Adler
494747629,Content | Cross,laila,Bronze,Thales Rimoli,Nina Adler
1380412961,Content | Cross,rafaelchinacuponsbr,Bronze,Thales Rimoli,Nina Adler
269721398,Content | Cross,tudoonpromocoesofc,Bronze,Thales Rimoli,Nina Adler
1572653489,Content | Cross,cacadoresdeofertas,Bronze,Thales Rimoli,Nina Adler
1228150632,Content | Cross,kristinastefany20221030073655,Bronze,Thales Rimoli,Nina Adler
1441074384,Content | Cross,sdmlinks,Bronze,Thales Rimoli,Nina Adler
516957832,Content | Cross,sejamaiseconomico,Bronze,Thales Rimoli,Nina Adler
470806864,Content | Cross,almaderica,Bronze,Thales Rimoli,Nina Adler
39495020,Content | Cross,Tudo Sobre Promos,Bronze,Thales Rimoli,Nina Adler
448250295,Content | Cross,promodamilla,Bronze,Thales Rimoli,Nina Adler
1131148365,Content | Cross,marianaaraujopedroni,Bronze,Thales Rimoli,Nina Adler
198417628,Content | Cross,achadosdagabby,Bronze,Thales Rimoli,Nina Adler
79957918,Content | Cross,dicasdospapais,Bronze,Thales Rimoli,Nina Adler
145151245,Content | Cross,carolmndss,Bronze,Thales Rimoli,Nina Adler
809062361,Content | Cross,findpromosoficial,Bronze,Thales Rimoli,Nina Adler
1756402797,Content | Cross,jufrois,Bronze,Thales Rimoli,Nina Adler
757367286,Content | Cross,larissamarques,Bronze,Thales Rimoli,Nina Adler
63186757,Content | Cross,gabrielamachado21,Bronze,Thales Rimoli,Nina Adler
342729046,Content | Cross,crowmantechofertas,Bronze,Thales Rimoli,Nina Adler
205028015,Content | Cross,achadinhosexcelente,Bronze,Thales Rimoli,Nina Adler
194367917,Content | Cross,coma5097348,Bronze,Thales Rimoli,Nina Adler
389626545,Content | Cross,hellenhcristina2,Bronze,Thales Rimoli,Nina Adler
1578049413,Content | Cross,obf,Bronze,Thales Rimoli,Nina Adler
1381583566,Content | Cross,ofertasecreta,Bronze,Thales Rimoli,Nina Adler
192318860,Content | Cross,promosdaligia,Bronze,Thales Rimoli,Nina Adler
1396932291,Content | Cross,snakepromos,Bronze,Thales Rimoli,Nina Adler
1167640603,Content | Cross,kulakgislaine20220805120526,Bronze,Thales Rimoli,Nina Adler
1336224488,Content | Cross,recomenda360,Bronze,Thales Rimoli,Nina Adler
2444397966,Content | Cross,moisesemila,Bronze,Thales Rimoli,Nina Adler
1613964777,Content | Cross,pedrosomrs,Bronze,Thales Rimoli,Nina Adler
1446956733,Content | Cross,achadinhosdapri,Bronze,Thales Rimoli,Nina Adler
180066235,Content | Cross,promolets,Bronze,Thales Rimoli,Nina Adler
229491441,Content | Cross,alveslilian299,Bronze,Thales Rimoli,Nina Adler
5441218,Content | Cross,testesedicas,Bronze,Thales Rimoli,Nina Adler
1437278515,Content | Cross,cuponect,Bronze,Thales Rimoli,Nina Adler
130484362,Content | Cross,wanessalemosaraujo,Bronze,Thales Rimoli,Nina Adler
224168003,Content | Cross,dayanepatriarca,Bronze,Thales Rimoli,Nina Adler
45068254,Content | Cross,ASM DIGITAL COMMERCE LTDA,Bronze,Thales Rimoli,Nina Adler
126729033,Content | Cross,promocaocamacari,Bronze,Thales Rimoli,Nina Adler
1425333968,Content | Cross,dandan20230716072433,Bronze,Thales Rimoli,Nina Adler
99920305,Content | Cross,mamaesbaianas,Bronze,Thales Rimoli,Nina Adler
187270170,Content | Cross,topofertas,Bronze,Thales Rimoli,Nina Adler
408274567,Content | Cross,beautyporlivia,Bronze,Thales Rimoli,Nina Adler
337625387,Content | Cross,achadinhos4,Bronze,Thales Rimoli,Nina Adler
651524151,Content | Cross,naathmi2019,Bronze,Thales Rimoli,Nina Adler
1954038151,Content | Cross,srpromos,Bronze,Thales Rimoli,Nina Adler
183117136,Content | Cross,luanadeodatolima,Bronze,Thales Rimoli,Nina Adler
238471146,Content | Cross,akipromocoes,Bronze,Thales Rimoli,Nina Adler
257207451,Content | Cross,seuachadosonline,Bronze,Thales Rimoli,Nina Adler
494870480,Content | Cross,nejo2010997,Bronze,Thales Rimoli,Nina Adler
129633865,Content | Cross,adriellymonick,Bronze,Thales Rimoli,Nina Adler
1447302999,Content | Cross,promodocasal,Bronze,Thales Rimoli,Nina Adler
1639660026,Content | Cross,ofertasplus,Bronze,Thales Rimoli,Nina Adler
1701871528,Content | Cross,espiadeofertas,Bronze,Thales Rimoli,Nina Adler
1890922253,Content | Cross,promohype,Bronze,Thales Rimoli,Nina Adler
227092445,Content | Cross,familiavale,Bronze,Thales Rimoli,Nina Adler
2128288086,Content | Cross,luthierdouglasp,Bronze,Thales Rimoli,Nina Adler
79700914,Content | Cross,lucapuccileite,Bronze,Thales Rimoli,Nina Adler
190826551,Content | Cross,jauansantana,Bronze,Thales Rimoli,Nina Adler
76774494,Content | Cross,euadorocupom,Bronze,Thales Rimoli,Nina Adler
83636235,Content | Cross,promospravc,Bronze,Thales Rimoli,Nina Adler
1044623240,Content | Cross,cadi3168098,Bronze,Thales Rimoli,Nina Adler
1455200615,Content | Cross,garimpar,Bronze,Thales Rimoli,Nina Adler
4920261,Content | Cross,pjinsta,Bronze,Thales Rimoli,Nina Adler
292847384,Content | Cross,fillrocha,Bronze,Thales Rimoli,Nina Adler
52547326,Content | Cross,augustomestieri,Bronze,Thales Rimoli,Nina Adler
85514656,Content | Cross,fernandoricci,Bronze,Thales Rimoli,Nina Adler
287197163,Content | Cross,achamosparavc,Bronze,Thales Rimoli,Nina Adler
2582600349,Content | Cross,c20250727155157,Bronze,Thales Rimoli,Nina Adler
2569721588,Content | Cross,deborahcarvalho,Bronze,Thales Rimoli,Nina Adler
234320014,Content | Cross,larissasntana,Bronze,Thales Rimoli,Nina Adler
228650132,Content | Cross,dayanneeferreira28,Bronze,Thales Rimoli,Nina Adler
349396208,Content | Cross,grunobabriel,Bronze,Thales Rimoli,Nina Adler
1548184216,Content | Cross,promospot,Bronze,Thales Rimoli,Nina Adler
237569801,Content | Cross,wendelldelgado,Bronze,Thales Rimoli,Nina Adler
214037742,Content | Cross,casadolink,Bronze,Thales Rimoli,Nina Adler
798952817,Content | Cross,livrariaemcasa,Bronze,Thales Rimoli,Nina Adler
134814361,Content | Cross,melhorespromocoesdelivros,Bronze,Thales Rimoli,Nina Adler
19026603,Content | Cross,lupuszin,Bronze,Thales Rimoli,Nina Adler
86530568,Content | Cross,contando.historinhas,Bronze,Thales Rimoli,Nina Adler
193433190,Content | Cross,achadinhosdomiguel2,Bronze,Thales Rimoli,Nina Adler
231593167,Content | Cross,topoferta,Bronze,Thales Rimoli,Nina Adler
1476281956,Content | Cross,juliananunes001,Bronze,Thales Rimoli,Nina Adler
1690953238,Content | Cross,elisalangsch,Bronze,Thales Rimoli,Nina Adler
49674458,Content | Cross,danielsonnora,Bronze,Thales Rimoli,Nina Adler
1556490119,Content | Cross,lenosanches,Bronze,Thales Rimoli,Nina Adler
1905048784,Content | Cross,promoturl,Bronze,Thales Rimoli,Nina Adler
1393423684,Content | Cross,1001,Bronze,Thales Rimoli,Nina Adler
1481531398,Content | Cross,pxpromo,Bronze,Thales Rimoli,Nina Adler
230037521,Content | Cross,rafazagarelli,Bronze,Thales Rimoli,Nina Adler
421988581,Content | Cross,suzannemiranda,Bronze,Thales Rimoli,Nina Adler
288063877,Content | Cross,rogetognon,Bronze,Thales Rimoli,Nina Adler
175516255,Content | Cross,angela6bernardes,Bronze,Thales Rimoli,Nina Adler
1707015680,Content | Cross,outlanderFishingequip,Bronze,Thales Rimoli,Nina Adler
13770991,Content | Cross,promobuzy,Bronze,Thales Rimoli,Nina Adler
2016904512,Content | Cross,gt20241001193656,Bronze,Thales Rimoli,Nina Adler
86281592,Content | Cross,azezshop,Bronze,Thales Rimoli,Nina Adler
2296180240,Content | Cross,maiskibaratoo,Bronze,Thales Rimoli,Nina Adler
1457499617,Content | Cross,marcosoliveira,Bronze,Thales Rimoli,Nina Adler
324150232,Content | Cross,matheuszanettibarbosa,Bronze,Thales Rimoli,Nina Adler
156663872,Content | Cross,kelly.665,Bronze,Thales Rimoli,Nina Adler
48673895,Content | C&I + F&H,tabaratotalita,Bronze,Lucas Vesterman,Pedro Herrera
467431559,Content | C&I + F&H,mf20250224065915,Bronze,Lucas Vesterman,Pedro Herrera
217901401,Content | C&I + F&H,mariliaalvesdasilva,Bronze,Lucas Vesterman,Pedro Herrera
768924215,Content | C&I + F&H,_achadosdatami,Bronze,Lucas Vesterman,Pedro Herrera
414361911,Content | C&I + F&H,baarbiemx,Bronze,Lucas Vesterman,Pedro Herrera
296354169,Content | C&I + F&H,leticiaexel9,Bronze,Lucas Vesterman,Pedro Herrera
600049604,Content | C&I + F&H,homejessicalima,Bronze,Lucas Vesterman,Pedro Herrera
2553619058,Content | C&I + F&H,grupowhats,Bronze,Lucas Vesterman,Pedro Herrera
1461645780,Content | C&I + F&H,larfelizoficial,Bronze,Lucas Vesterman,Pedro Herrera
2560834610,Content | C&I + F&H,leticiadescontos,Bronze,Lucas Vesterman,Pedro Herrera
1665449142,Content | C&I + F&H,raquelcicero,Bronze,Lucas Vesterman,Pedro Herrera
108321405,Content | C&I + F&H,tamarudanilo,Bronze,Lucas Vesterman,Pedro Herrera
676651691,Content | C&I + F&H,tatianeparisoto,Bronze,Lucas Vesterman,Pedro Herrera
490524922,Content | C&I + F&H,camilaemendes,Bronze,Lucas Vesterman,Pedro Herrera
214872957,Content | C&I + F&H,heca195607,Bronze,Lucas Vesterman,Pedro Herrera
284855023,Content | C&I + F&H,thuannysmello,Bronze,Lucas Vesterman,Pedro Herrera
179805980,Content | C&I + F&H,achadosdoguru,Bronze,Lucas Vesterman,Pedro Herrera
511670989,Content | C&I + F&H,macedoalexiaoliveira,Bronze,Lucas Vesterman,Pedro Herrera
742328965,Content | C&I + F&H,lele-gomesleandro,Bronze,Lucas Vesterman,Pedro Herrera
172678449,Content | C&I + F&H,thaisarraisdemattos,Bronze,Lucas Vesterman,Pedro Herrera
323419246,Content | C&I + F&H,ofertometro,Bronze,Lucas Vesterman,Pedro Herrera
47897711,Content | C&I + F&H,promosuteis,Bronze,Lucas Vesterman,Pedro Herrera
30107921,Content | C&I + F&H,ramosk8677,Bronze,Lucas Vesterman,Pedro Herrera
401336483,Content | C&I + F&H,ACHADINHOS DA DANI LTDA,Bronze,Lucas Vesterman,Pedro Herrera
163733884,Content | C&I + F&H,achadikas,Bronze,Lucas Vesterman,Pedro Herrera
1488032118,Content | C&I + F&H,promocoesaleatorias,Bronze,Lucas Vesterman,Pedro Herrera
1085104628,Content | C&I + F&H,socialmedcomunicacao,Bronze,Lucas Vesterman,Pedro Herrera
1875530332,Content | C&I + F&H,do20240626105222,Bronze,Lucas Vesterman,Pedro Herrera
228129723,Content | C&I + F&H,havilalevindo16,Bronze,Lucas Vesterman,Pedro Herrera
366925359,Content | C&I + F&H,Grace,Bronze,Lucas Vesterman,Pedro Herrera
241190871,Content | C&I + F&H,sida6935296,Bronze,Lucas Vesterman,Pedro Herrera
200779497,Content | C&I + F&H,rial9363204,Bronze,Lucas Vesterman,Pedro Herrera
380017209,Content | C&I + F&H,lucysousa,Bronze,Lucas Vesterman,Pedro Herrera
1438644346,Content | C&I + F&H,peuhmenezes,Bronze,Lucas Vesterman,Pedro Herrera
215861349,Content | C&I + F&H,elisangelabbastos,Bronze,Lucas Vesterman,Pedro Herrera
818611603,Content | C&I + F&H,anca5499441,Bronze,Lucas Vesterman,Pedro Herrera
215567487,Content | C&I + F&H,priscilapessanha401,Bronze,Lucas Vesterman,Pedro Herrera
1933798586,Content | C&I + F&H,fabyfranco,Bronze,Lucas Vesterman,Pedro Herrera
127225167,Content | C&I + F&H,fernandesnara24,Bronze,Lucas Vesterman,Pedro Herrera
527607504,Content | C&I + F&H,foradacurca,Bronze,Lucas Vesterman,Pedro Herrera
1416689790,Content | C&I + F&H,marianacabral,Bronze,Lucas Vesterman,Pedro Herrera
2534577851,Content | C&I + F&H,c20250705112704,Silver,Lucas Vesterman,Pedro Herrera
377046315,Content | C&I + F&H,nossacasaofertas,Silver,Lucas Vesterman,Pedro Herrera
133993243,Content | C&I + F&H,Valeria Justo,Silver,Lucas Vesterman,Pedro Herrera
1880667258,Content | C&I + F&H,dv20240630000455,Silver,Lucas Vesterman,Pedro Herrera
210939551,Content | Other,monetizacaodevideos,Bronze,Lucas Vesterman,Pedro Herrera
725268701,Content | Other,mogu4015772,Bronze,Lucas Vesterman,Pedro Herrera
580275618,Content | Other,pethersoncunha,Bronze,Lucas Vesterman,Pedro Herrera
116082649,Content | Other,Lucas,Bronze,Lucas Vesterman,Pedro Herrera
130629982,Content | Other,canalpolitica,Bronze,Lucas Vesterman,Pedro Herrera
32483638,Content | Other,thiagosilva159,Bronze,Lucas Vesterman,Pedro Herrera
329855491,Content | Other,eduardozyzzem,Bronze,Lucas Vesterman,Pedro Herrera
1179990663,Content | Other,mendoncawemerson20220815152301,Bronze,Lucas Vesterman,Pedro Herrera
581644246,Content | Other,overuning,Bronze,Lucas Vesterman,Pedro Herrera
47898814,Content | Other,mediosde6,Bronze,Lucas Vesterman,Pedro Herrera
158157556,Content | Other,autolimpeparceiros,Bronze,Lucas Vesterman,Pedro Herrera
91150263,Content | Other,jookombi,Bronze,Lucas Vesterman,Pedro Herrera
701408912,Content | Other,nead8492935,Bronze,Lucas Vesterman,Pedro Herrera
212484230,Content | Other,helberpacheco,Silver,Lucas Vesterman,Pedro Herrera
273918121,Content | Other,rafael.baptistini,Bronze,Lucas Vesterman,Pedro Herrera
248128484,Content | Other,garagemcarup,Bronze,Lucas Vesterman,Pedro Herrera
618931688,Content | Other,motosemetal,Bronze,Lucas Vesterman,Pedro Herrera
2417930507,Content | Other,bate papo automotivo,Bronze,Lucas Vesterman,Pedro Herrera
209810908,Content | C&I + F&H,larcaprichado,Bronze,Lucas Vesterman,Pedro Herrera
1704701634,Content | C&I + F&H,comtudocasa7,Bronze,Lucas Vesterman,Pedro Herrera
168939981,Content | C&I + F&H,lojadacinci,Bronze,Lucas Vesterman,Pedro Herrera
425645979,Content | C&I + F&H,achadosofertasdolar,Bronze,Lucas Vesterman,Pedro Herrera
119153550,Content | C&I + F&H,clayton.mundim,Bronze,Lucas Vesterman,Pedro Herrera
44352982,Content | TE & HE,tjgaming,Gold,Thales Rimoli,Pedro Passos
1035231903,Content | TE & HE,grapetec,Silver,Thales Rimoli,Pedro Passos
127000419,Content | Cross,portalmenorpreco,Silver,Thales Rimoli,Priscila Marques
2418855877,Content | Cross,josenildosilva2930,Silver,Thales Rimoli,Priscila Marques
1434694534,Content | Cross,jogobarato,Silver,Thales Rimoli,Priscila Marques
198888980,Content | Lifestyle,aryoficial,Silver,Caroline Marion,Renan Oshita
2002635933,Content | Lifestyle,comparebaby,Silver,Caroline Marion,Renan Oshita
565785079,Content | Lifestyle,dicasdalima,Silver,Caroline Marion,Renan Oshita
490589317,Content | Lifestyle,vendasfmg,Bronze,Caroline Marion,Renan Oshita
1423860627,Content | Lifestyle,promostequero,Bronze,Caroline Marion,Renan Oshita
2529067622,Content | Lifestyle,Felipe,Bronze,Caroline Marion,Renan Oshita
1776938790,Content | Lifestyle,diar20240418100341,Bronze,Caroline Marion,Renan Oshita
264041761,Content | Lifestyle,adoroprecinho,Bronze,Caroline Marion,Renan Oshita
9110980,Content | Lifestyle,pepperofertas,Bronze,Caroline Marion,Renan Oshita
297863053,Content | Lifestyle,dicasnessa,Bronze,Caroline Marion,Renan Oshita
1112956306,Content | Lifestyle,monetizacaodevideos,Bronze,Caroline Marion,Renan Oshita
2648870365,Content | Lifestyle,daof20240325204103,Bronze,Caroline Marion,Renan Oshita
1128477483,Content | Lifestyle,acasadoatleta,Bronze,Caroline Marion,Renan Oshita
707100707,Content | Lifestyle,soutiagoleite,Bronze,Caroline Marion,Renan Oshita
2070668423,Content | Lifestyle,car_style84,Bronze,Caroline Marion,Renan Oshita
443862360,Content | Lifestyle,moreschi13,Bronze,Caroline Marion,Renan Oshita
200897985,Content | Lifestyle,rodrigocperez,Bronze,Caroline Marion,Renan Oshita
307709577,Content | Lifestyle,coisamaneira10,Bronze,Caroline Marion,Renan Oshita
426609297,Content | Lifestyle,deborahlaines,Bronze,Caroline Marion,Renan Oshita
1441642808,Content | Lifestyle,nayara.costa32,Bronze,Caroline Marion,Renan Oshita
2478895056,Content | Lifestyle,rphbarros,Bronze,Caroline Marion,Renan Oshita
2205602295,Content | Lifestyle,mimoseofertasbaby,Bronze,Caroline Marion,Renan Oshita
269270808,Content | Lifestyle,oemporiodoperfume,Bronze,Caroline Marion,Renan Oshita
1429209372,Content | Lifestyle,oliverparfums,Bronze,Caroline Marion,Renan Oshita
101062228,Content | C&I + F&H,dyanealves,Bronze,Lucas Vesterman,Rodrigo Nogi
1528968155,Content | C&I + F&H,marilupromo,Bronze,Lucas Vesterman,Rodrigo Nogi
1497443964,Content | C&I + F&H,oficinagaragem,Bronze,Lucas Vesterman,Rodrigo Nogi
323696728,Content | C&I + F&H,dicadarafa,Bronze,Lucas Vesterman,Rodrigo Nogi
530107413,Content | C&I + F&H,wilyanes25,Bronze,Lucas Vesterman,Rodrigo Nogi
1440823950,Content | C&I + F&H,leiladuraes,Bronze,Lucas Vesterman,Rodrigo Nogi
1584221922,Content | C&I + F&H,hqbarata,Bronze,Lucas Vesterman,Rodrigo Nogi
94733098,Content | C&I + F&H,achadosprincipais,Bronze,Lucas Vesterman,Rodrigo Nogi
186339147,Content | C&I + F&H,generalac,Bronze,Lucas Vesterman,Rodrigo Nogi
491946853,Content | C&I + F&H,gyyselly.gomez,Bronze,Lucas Vesterman,Rodrigo Nogi
1569314798,Content | C&I + F&H,tecnauta,Bronze,Lucas Vesterman,Rodrigo Nogi
2242409334,Content | C&I + F&H,letrajotaindicacao,Bronze,Lucas Vesterman,Rodrigo Nogi
28030293,Content | C&I + F&H,A casa da Nath,Bronze,Lucas Vesterman,Rodrigo Nogi
350081684,Content | C&I + F&H,laisanevesb,Gold,Lucas Vesterman,Rodrigo Nogi
51373164,Content | C&I + F&H,emiliastep,Gold,Lucas Vesterman,Rodrigo Nogi
2690177408,Content | C&I + F&H,l20250913005032,Gold,Lucas Vesterman,Rodrigo Nogi
193090448,Content | C&I + F&H,fabiohenriquerojas,Gold,Lucas Vesterman,Rodrigo Nogi
136041603,Content | C&I + F&H,bernardodoertzbacher123,Silver,Lucas Vesterman,Rodrigo Nogi
6034265,Content | C&I + F&H,natingraci,Silver,Lucas Vesterman,Rodrigo Nogi
1088168690,Content | C&I + F&H,achados_uai,Bronze,Lucas Vesterman,Rodrigo Nogi
47190880,Content | Other,garagemdobuda,Bronze,Lucas Vesterman,Rodrigo Nogi
195263497,Content | Other,rotaspelomundo,Bronze,Lucas Vesterman,Rodrigo Nogi
43288841,Content | Other,clederrs,Bronze,Lucas Vesterman,Rodrigo Nogi
95228583,Content | Other,eduardoaquino,Bronze,Lucas Vesterman,Rodrigo Nogi
1881432257,Content | Other,guiasdeprodutos,Gold,Lucas Vesterman,Rodrigo Nogi
105687473,Content | Other,canaldamecanica,Bronze,Lucas Vesterman,Rodrigo Nogi
1813105314,Content | C&I + F&H,homegaabycosta,Bronze,Lucas Vesterman,Rodrigo Nogi
168445950,Content | C&I + F&H,tecnicosincero,Bronze,Lucas Vesterman,Rodrigo Nogi
239133648,Content | C&I + F&H,promobugs,Bronze,Lucas Vesterman,Rodrigo Nogi
166607266,Content | C&I + F&H,gleicee.oliveira,Bronze,Lucas Vesterman,Rodrigo Nogi
261019954,Content | C&I + F&H,catielekrug,Bronze,Lucas Vesterman,Rodrigo Nogi
1075346989,Content | C&I + F&H,detectaofertas,Bronze,Lucas Vesterman,Rodrigo Nogi
255720695,Content | C&I + F&H,pandinhapromocoes,Bronze,Lucas Vesterman,Rodrigo Nogi
2621617085,Content | C&I + F&H,Achadinhos das primas,Bronze,Lucas Vesterman,Rodrigo Nogi
584138762,Content | C&I + F&H,kaylafraga27@gmail.com,Bronze,Lucas Vesterman,Rodrigo Nogi
243975250,Content | C&I + F&H,Achadinhoss,Bronze,Lucas Vesterman,Rodrigo Nogi
1490703847,Content | Lifestyle,elacompra,Bronze,Caroline Marion,Gabriela Oliveira
2319470805,Publisher Deals,Pechinchou,B2B,Rafa Carioca,Lucas Conceição
1342875131,Publisher Content,Tudocelular,B2B,Rafa Carioca,Lucas Conceição
1462755273,Publisher Deals,Pelando,B2B,Rafa Carioca,Lucas Conceição
1011955942,Publisher Deals,Promobit,B2B,Rafa Carioca,Lucas Conceição
1290147350,Publisher Content,Escolhasegura,B2B,Rafa Carioca,Lucas Conceição
1484485184,Publisher Content,Guiadosmelhores,B2B,Rafa Carioca,Lucas Conceição
1231600621,Publisher Content,Tecnoblog,B2B,Rafa Carioca,Lucas Conceição
275692518,Publisher Content,Nozebranetwork,B2B,Rafa Carioca,Lucas Conceição
1352030962,Publisher Content,Canaltech,B2B,Rafa Carioca,Lucas Conceição
1568385210,Publisher Content,Melhoresdestinos,B2B,Rafa Carioca,Lucas Conceição
1029902351,Publisher Deals,Descontostop,B2B,Rafa Carioca,Lucas Conceição
79019768,Publisher Content,Bikeradar,B2B,Rafa Carioca,Lucas Conceição
2952669306,Publisher Content,Olhar Digital,B2B,Rafa Carioca,Lucas Conceição
1374758175,Publisher Deals,Promotop,B2B,Rafa Carioca,Lucas Conceição
1495326565,Creator,PROMO,B2B,Caroline Marion,Ketlyn Gibeli
3118746057,Content | LifeStyle,N/A,Gold,Lucas Vesterman,Rodrigo Nogi
3003666090,Content | LifeStyle,N/A,Gold,Lucas Vesterman,Rodrigo Nogi
3142277193,Content | Cross,N/A,Gold,Lucas Vesterman,Alexandre Garcia
76408654,Content | LifeStyle,N/A,Gold,Lucas Vesterman,Alexandre Garcia
824964249,Content | Cross,N/A,Gold,Lucas Vesterman,Alexandre Garcia
444297532,Content | LifeStyle,N/A,Silver,Thales Rimoli,Carli Vasconcelos
3243804000,Content | TE & HE,N/A,Silver,Thales Rimoli,Leonardo Santos
3105847324,Content | LifeStyle,N/A,Silver,Thales Rimoli,Carli Vasconcelos
1672339543,Content | LifeStyle,N/A,Silver,Thales Rimoli,Carli Vasconcelos
169330189,Content | Cross,N/A,Silver,Thales Rimoli,Carli Vasconcelos
2992305562,Content | C&I + F&H,N/A,Silver,Thales Rimoli,Carli Vasconcelos
2462433493,Content | TE & HE,N/A,Silver,Thales Rimoli,Carli Vasconcelos
85970263,Content | Cross,N/A,Silver,Thales Rimoli,Carli Vasconcelos
3140358738,Content | Cross,N/A,Silver,Thales Rimoli,Carli Vasconcelos
1049347704,Content | LifeStyle,N/A,Silver,Thales Rimoli,Carli Vasconcelos
254682552,Content | LifeStyle,N/A,Silver,Thales Rimoli,Carli Vasconcelos
288703889,Content | TE & HE,N/A,Silver,Thales Rimoli,Carli Vasconcelos
3163656318,Content | LifeStyle,N/A,Silver,Thales Rimoli,Carli Vasconcelos
510159209,Content | C&I + F&H,N/A,Silver,Thales Rimoli,Carli Vasconcelos
182073420,Content | Cross,N/A,Silver,Thales Rimoli,Carli Vasconcelos
2973264544,Content | LifeStyle,N/A,Silver,Thales Rimoli,Carli Vasconcelos
97122871,Content | Other,N/A,Silver,Thales Rimoli,Carli Vasconcelos
71331915,Content | C&I + F&H,N/A,Silver,Thales Rimoli,Carli Vasconcelos
132493427,Content | Other,N/A,Silver,Thales Rimoli,Priscila Marques
3056253158,Content | Cross,N/A,Silver,Thales Rimoli,Carli Vasconcelos
3024013291,Content | C&I + F&H,N/A,Silver,Thales Rimoli,Priscila Marques
2323756463,Content | Cross,N/A,Silver,Thales Rimoli,Carli Vasconcelos
178280500,Content | C&I + F&H,N/A,Silver,Thales Rimoli,Priscila Marques
184056211,Content | C&I + F&H,N/A,Bronze,Thales Rimoli,Pedro Herrera
313577361,Content | C&I + F&H,N/A,Bronze,Thales Rimoli,Pedro Herrera
145688374,Content | LifeStyle,N/A,Bronze,Thales Rimoli,Nina Adler
243920864,Content | Other,N/A,Bronze,Thales Rimoli,Vitor Almeida
2066938814,Content | LifeStyle,N/A,Bronze,Thales Rimoli,Nina Adler
2900982874,Content | Cross,N/A,Bronze,Thales Rimoli,Nina Adler
3029418424,Content | Cross,N/A,Bronze,Thales Rimoli,Nina Adler
573527408,Content | LifeStyle,N/A,Bronze,Thales Rimoli,Nina Adler
3098499350,Content | LifeStyle,N/A,Bronze,Thales Rimoli,Nina Adler
280810991,Content | Cross,N/A,Bronze,Thales Rimoli,Nina Adler
3008047538,Content | Other,N/A,Bronze,Thales Rimoli,Vitor Almeida
2962220642,Content | LifeStyle,N/A,Bronze,Thales Rimoli,Nina Adler
360968733,Content | C&I + F&H,N/A,Bronze,Thales Rimoli,Pedro Herrera
3123797159,Content | C&I + F&H,N/A,Bronze,Thales Rimoli,Pedro Herrera
255011578,Content | Cross,N/A,Bronze,Thales Rimoli,Pedro Herrera
1950253307,Content | TE & HE,N/A,Bronze,Thales Rimoli,Vitor Almeida
259069385,Content | LifeStyle,N/A,Bronze,Thales Rimoli,Nina Adler
170670607,Content | Other,N/A,Bronze,Thales Rimoli,Vitor Almeida
257207292,Content | LifeStyle,N/A,Bronze,Thales Rimoli,Nina Adler
2963512894,Content | LifeStyle,N/A,Bronze,Thales Rimoli,Nina Adler
1974796911,Content | TE & HE,N/A,Bronze,Thales Rimoli,Vitor Almeida
244440649,Content | C&I + F&H,N/A,Bronze,Thales Rimoli,Nina Adler
2936394096,Content | LifeStyle,N/A,Bronze,Thales Rimoli,Nina Adler
181684695,Content | C&I + F&H,N/A,Bronze,Thales Rimoli,Pedro Herrera
1477337705,Content | Cross,N/A,Bronze,Thales Rimoli,Pedro Herrera
2681419959,Content | TE & HE,N/A,Bronze,Thales Rimoli,Vitor Almeida
1428402957,Content | LifeStyle,N/A,Bronze,Thales Rimoli,Nina Adler
2492049241,Content | Other,N/A,Bronze,Thales Rimoli,Vitor Almeida
332488639,Content | LifeStyle,N/A,Bronze,Thales Rimoli,Pedro Herrera
1085664882,Content | Cross,N/A,Bronze,Thales Rimoli,Vitor Almeida
316528965,Content | LifeStyle,N/A,Bronze,Thales Rimoli,Pedro Herrera
2661809721,Content | Cross,N/A,Bronze,Thales Rimoli,Vitor Almeida
1971560069,Content | Cross,N/A,Bronze,Thales Rimoli,Vitor Almeida
2245430837,Content | LifeStyle,N/A,Bronze,Thales Rimoli,Pedro Herrera
131116088,Content | Cross,N/A,Bronze,Thales Rimoli,Vitor Almeida
3152559275,Content | LifeStyle,N/A,Bronze,Thales Rimoli,Pedro Herrera
76949336,Content | Other,N/A,Bronze,Thales Rimoli,Vitor Almeida
13926578,Content | C&I + F&H,N/A,Bronze,Thales Rimoli,Pedro Herrera
3160383487,Content | C&I + F&H,N/A,Bronze,Thales Rimoli,Pedro Herrera
3172003381,Content | LifeStyle,N/A,Bronze,Thales Rimoli,Pedro Herrera
131237601,Content | C&I + F&H,N/A,Bronze,Thales Rimoli,Pedro Herrera
105596333,Content | TE & HE,N/A,Bronze,Thales Rimoli,Vitor Almeida
381138204,Content | LifeStyle,N/A,Bronze,Thales Rimoli,Pedro Herrera
460901776,Content | TE & HE,N/A,Bronze,Thales Rimoli,Vitor Almeida
2658428944,Content | LifeStyle,N/A,Bronze,Thales Rimoli,Pedro Herrera
2459885613,Content | C&I + F&H,N/A,Bronze,Thales Rimoli,Pedro Herrera
2102425778,Content | Cross,N/A,Bronze,Thales Rimoli,Vitor Almeida
487294501,Content | TE & HE,N/A,Bronze,Thales Rimoli,Vitor Almeida
827149658,Content | Cross,N/A,Bronze,Thales Rimoli,Vitor Almeida
38322787,Content | Other,N/A,Bronze,Thales Rimoli,Vitor Almeida
162668698,Content | C&I + F&H,N/A,Bronze,Thales Rimoli,Pedro Herrera
607771604,Content | Other,N/A,Bronze,Thales Rimoli,Vitor Almeida
2672586840,Content | C&I + F&H,N/A,Bronze,Thales Rimoli,Pedro Herrera
254475551,Content | C&I + F&H,N/A,Bronze,Thales Rimoli,Pedro Herrera
3129633626,Content | TE & HE,N/A,Bronze,Thales Rimoli,Vitor Almeida
142791336,Content | Other,N/A,Bronze,Thales Rimoli,Vitor Almeida
156762704,Content | TE & HE,N/A,Bronze,Thales Rimoli,Vitor Almeida
1312283341,Content | C&I + F&H,N/A,Bronze,Thales Rimoli,Vitor Almeida
2991369908,Content | Other,N/A,Bronze,Thales Rimoli,Vitor Almeida
135142691,Content | Other,N/A,Bronze,Thales Rimoli,Vitor Almeida
89543807,Content | Other,N/A,Bronze,Thales Rimoli,Vitor Almeida
1946264800,Content | Other,N/A,Bronze,Thales Rimoli,Vitor Almeida
213244499,Content | LifeStyle,N/A,Bronze,Thales Rimoli,Pedro Herrera
1195742584,Content | LifeStyle,N/A,Bronze,Thales Rimoli,Pedro Herrera
135796146,Content | C&I + F&H,N/A,Bronze,Thales Rimoli,Vitor Almeida
1907374612,Content | Other,N/A,Bronze,Thales Rimoli,Vitor Almeida
807864997,Content | Other,N/A,Bronze,Thales Rimoli,Vitor Almeida
3171328185,Content | C&I + F&H,N/A,Bronze,Thales Rimoli,Vitor Almeida
69596201,Content | LifeStyle,N/A,Bronze,Thales Rimoli,Pedro Herrera
1481556708,Content | Cross,N/A,Bronze,Thales Rimoli,Vitor Almeida
37052442,Content | C&I + F&H,N/A,Bronze,Thales Rimoli,Vitor Almeida
508746909,Content | LifeStyle,N/A,Bronze,Thales Rimoli,Pedro Herrera
47999712,Content | C&I + F&H,N/A,Bronze,Thales Rimoli,Vitor Almeida
114449417,Content | C&I + F&H,N/A,Bronze,Thales Rimoli,Vitor Almeida
721825782,Content | C&I + F&H,N/A,Bronze,Thales Rimoli,Vitor Almeida
56905243,Content | Cross,N/A,Bronze,Thales Rimoli,Vitor Almeida
1221921618,Content | Cross,N/A,Bronze,Thales Rimoli,Vitor Almeida
95951322,Content | LifeStyle,N/A,Bronze,Thales Rimoli,Pedro Herrera
203895408,Content | LifeStyle,N/A,Bronze,Thales Rimoli,Pedro Herrera
2705467431,Content | LifeStyle,N/A,Bronze,Thales Rimoli,Pedro Herrera
511869566,Content | C&I + F&H,N/A,Bronze,Thales Rimoli,Vitor Almeida
748524203,Content | TE & HE,N/A,Bronze,Thales Rimoli,Vitor Almeida
2584143114,Content | Cross,N/A,Bronze,Thales Rimoli,Vitor Almeida
46770425,Content | Cross,N/A,Bronze,Thales Rimoli,Vitor Almeida
327698994,Content | LifeStyle,N/A,Bronze,Thales Rimoli,Pedro Herrera
413702896,Content | Cross,N/A,Bronze,Thales Rimoli,Vitor Almeida
270351325,Content | C&I + F&H,N/A,Bronze,Thales Rimoli,Vitor Almeida
204532360,Content | C&I + F&H,N/A,Bronze,Thales Rimoli,Vitor Almeida
1321102962,Content | Cross,N/A,Bronze,Thales Rimoli,Vitor Almeida
232763213,Content | C&I + F&H,N/A,Bronze,Thales Rimoli,Vitor Almeida
350718193,Content | Cross,N/A,Bronze,Thales Rimoli,Vitor Almeida
833253565,Content | C&I + F&H,N/A,Bronze,Thales Rimoli,Vitor Almeida
474341218,Content | LifeStyle,N/A,Bronze,Thales Rimoli,Pedro Herrera
96722469,Content | Other,N/A,Bronze,Thales Rimoli,Vitor Almeida
2680237097,Content | C&I + F&H,N/A,Bronze,Thales Rimoli,Vitor Almeida
2758143,Content | TE & HE,N/A,Bronze,Thales Rimoli,Vitor Almeida
68577661,Content | C&I + F&H,N/A,Bronze,Thales Rimoli,Vitor Almeida
2569990159,Content | TE & HE,N/A,Bronze,Thales Rimoli,Vitor Almeida
203215723,Content | TE & HE,N/A,Bronze,Thales Rimoli,Vitor Almeida
282041756,Content | Cross,N/A,Bronze,Thales Rimoli,Vitor Almeida
2364962268,Content | C&I + F&H,N/A,Bronze,Thales Rimoli,Vitor Almeida
423859792,Content | Cross,N/A,Bronze,Thales Rimoli,Vitor Almeida
62741982,Content | Other,N/A,Bronze,Thales Rimoli,Vitor Almeida
1218773556,Content | LifeStyle,N/A,Bronze,Thales Rimoli,Pedro Herrera
119360324,Content | C&I + F&H,N/A,Bronze,Thales Rimoli,Vitor Almeida
2713161569,Content | LifeStyle,N/A,Bronze,Thales Rimoli,Pedro Herrera
159686385,Content | C&I + F&H,N/A,Bronze,Thales Rimoli,Vitor Almeida
40606057,Content | Other,N/A,Bronze,Thales Rimoli,Vitor Almeida
200817983,Content | C&I + F&H,N/A,Bronze,Thales Rimoli,Vitor Almeida
1592329309,Content | LifeStyle,N/A,Bronze,Thales Rimoli,Pedro Herrera
3164857544,Content | LifeStyle,N/A,Bronze,Thales Rimoli,Pedro Herrera
498721625,Content | LifeStyle,N/A,Bronze,Thales Rimoli,Pedro Herrera
2275419070,Content | LifeStyle,N/A,Bronze,Thales Rimoli,Pedro Herrera
292342364,Creator,N/A,Creator,Caroline Marion Poveslo,N/A
420321077,Creator,N/A,Creator,Caroline Marion Poveslo,N/A
431734579,Creator,N/A,Creator,Caroline Marion Poveslo,N/A
763601285,Creator,N/A,Creator,Caroline Marion Poveslo,N/A
539845444,Creator,N/A,Creator,Caroline Marion Poveslo,N/A
105058766,Creator,N/A,Creator,Caroline Marion Poveslo,N/A
245850529,Creator,N/A,Creator,Caroline Marion Poveslo,N/A
275765466,Creator,N/A,Creator,Caroline Marion Poveslo,N/A
2589723122,Creator,N/A,Creator,Caroline Marion Poveslo,N/A
628987152,Creator,N/A,Creator,Caroline Marion Poveslo,N/A
1280831911,Creator,N/A,Creator,Caroline Marion Poveslo,
475059220,Creator,N/A,Creator,Caroline Marion Poveslo,N/A
1833387516,Creator,N/A,Creator,Caroline Marion Poveslo,N/A
790986348,Creator,N/A,Creator,Caroline Marion Poveslo,N/A
1238247283,Creator,N/A,Creator,Caroline Marion Poveslo,N/A
677574141,Creator,N/A,Creator,Caroline Marion Poveslo,N/A
1830864132,Creator,N/A,Creator,Caroline Marion Poveslo,N/A
210273115,Creator,N/A,Creator,Caroline Marion Poveslo,N/A
797651087,Creator,N/A,Creator,Caroline Marion Poveslo,N/A
289639940,Creator,N/A,Creator,Caroline Marion Poveslo,N/A
827350663,Creator,N/A,Creator,Caroline Marion Poveslo,N/A
515832828,Creator,N/A,Creator,Caroline Marion Poveslo,N/A
358677665,Creator,N/A,Creator,Caroline Marion Poveslo,N/A
1129884664,Creator,N/A,Creator,Caroline Marion Poveslo,N/A
1433705258,Creator,N/A,Creator,Caroline Marion Poveslo,N/A
142625702,Creator,N/A,Creator,Caroline Marion Poveslo,N/A
132893632,Creator,N/A,Creator,Caroline Marion Poveslo,N/A
2361609399,Creator,N/A,Creator,Caroline Marion Poveslo,N/A
251353735,Creator,N/A,Creator,Caroline Marion Poveslo,N/A
834938207,Creator,N/A,Creator,Caroline Marion Poveslo,N/A
621237108,Creator,N/A,Creator,Caroline Marion Poveslo,N/A
1816851844,Creator,N/A,Creator,Caroline Marion Poveslo,N/A
358287055,Creator,N/A,Creator,Caroline Marion Poveslo,N/A
423040791,Creator,N/A,Creator,Caroline Marion Poveslo,N/A
486237315,Creator,N/A,Creator,Caroline Marion Poveslo,N/A
736996599,Creator,N/A,Creator,Caroline Marion Poveslo,N/A
2499751158,Creator,N/A,Creator,Caroline Marion Poveslo,N/A
313677204,Creator,N/A,Creator,Caroline Marion Poveslo,N/A
202994431,Creator,N/A,Creator,Caroline Marion Poveslo,N/A
224598394,Creator,N/A,Creator,Caroline Marion Poveslo,N/A
96547408,Creator,N/A,Creator,Caroline Marion Poveslo,N/A
2672544491,Creator,N/A,Creator,Caroline Marion Poveslo,N/A
74068925,Creator,N/A,Creator,Caroline Marion Poveslo,N/A
160268544,Creator,N/A,Creator,Caroline Marion Poveslo,N/A
223108651,Creator,N/A,Creator,Caroline Marion Poveslo,N/A
325551783,Creator,N/A,Creator,Caroline Marion Poveslo,N/A
582383668,Creator,N/A,Creator,Caroline Marion Poveslo,N/A
230885828,Creator,N/A,Creator,Caroline Marion Poveslo,N/A
155314718,Creator,N/A,Creator,Caroline Marion Poveslo,N/A
199329730,Creator,N/A,Creator,Caroline Marion Poveslo,N/A
1040180099,Creator,N/A,Creator,Caroline Marion Poveslo,N/A
2051388338,Creator,N/A,Creator,Caroline Marion Poveslo,N/A
2306619759,Creator,N/A,Creator,Caroline Marion Poveslo,N/A
1121740675,Creator,N/A,Creator,Caroline Marion Poveslo,N/A
2102771055,Creator,N/A,Creator,Caroline Marion Poveslo,N/A
284298775,Creator,N/A,Creator,Caroline Marion Poveslo,N/A
1051585498,Creator,N/A,Creator,Caroline Marion Poveslo,N/A
2592445759,Creator,N/A,Creator,Caroline Marion Poveslo,N/A
49020377,Creator,N/A,Creator,Caroline Marion Poveslo,N/A
1971016769,Creator,N/A,Creator,Caroline Marion Poveslo,N/A
2305608755,Creator,N/A,Creator,Caroline Marion Poveslo,N/A
336980225,Creator,N/A,Creator,Caroline Marion Poveslo,N/A
1906211811,Creator,N/A,Creator,Caroline Marion Poveslo,N/A
3043612890,Creator,N/A,Creator,Caroline Marion Poveslo,N/A
206130266,Creator,N/A,Creator,Caroline Marion Poveslo,N/A
2008140806,Creator,N/A,Creator,Caroline Marion Poveslo,N/A
799822918,Creator,N/A,Creator,Caroline Marion Poveslo,N/A
489141169,Creator,N/A,Creator,Caroline Marion Poveslo,N/A
592602745,Creator,N/A,Creator,Caroline Marion Poveslo,N/A
2527977077,Creator,N/A,Creator,Caroline Marion Poveslo,N/A
606880503,Creator,N/A,Creator,Caroline Marion Poveslo,N/A
2152076263,Creator,N/A,Creator,Caroline Marion Poveslo,N/A
49644448,Creator,N/A,Creator,Caroline Marion Poveslo,N/A
245435573,Creator,N/A,Creator,Caroline Marion Poveslo,N/A
148553253,Creator,N/A,Creator,Caroline Marion Poveslo,N/A
569358077,Creator,N/A,Creator,Caroline Marion Poveslo,N/A
286101128,Creator,N/A,Creator,Caroline Marion Poveslo,N/A
283243145,Creator,N/A,Creator,Caroline Marion Poveslo,N/A
2361033331,Creator,N/A,Creator,Caroline Marion Poveslo,N/A
210403379,Creator,N/A,Creator,Caroline Marion Poveslo,N/A
204428133,Creator,N/A,Creator,Caroline Marion Poveslo,N/A
220456420,Creator,N/A,Creator,Caroline Marion Poveslo,N/A
2180347627,Creator,N/A,Creator,Caroline Marion Poveslo,N/A
1342336775,Creator,N/A,Creator,Caroline Marion Poveslo,N/A
2509799126,Creator,N/A,Creator,Caroline Marion Poveslo,N/A
288582601,Creator,N/A,Creator,Caroline Marion Poveslo,N/A
131443106,Creator,N/A,Creator,Caroline Marion Poveslo,N/A
1696264927,Creator,N/A,Creator,Caroline Marion Poveslo,N/A
2506462540,Creator,N/A,Creator,Caroline Marion Poveslo,N/A
2206495379,Creator,N/A,Creator,Caroline Marion Poveslo,N/A
2339714765,Creator,N/A,Creator,Caroline Marion Poveslo,N/A
380759278,Creator,N/A,Creator,Caroline Marion Poveslo,N/A
1453130713,Creator,N/A,Creator,Caroline Marion Poveslo,N/A
2527154356,Creator,N/A,Creator,Caroline Marion Poveslo,N/A
275096346,Creator,N/A,Creator,Caroline Marion Poveslo,N/A
1978894823,Creator,N/A,Creator,Caroline Marion Poveslo,N/A
460654766,Creator,N/A,Creator,Caroline Marion Poveslo,N/A
547746104,Creator,N/A,Creator,Caroline Marion Poveslo,N/A
2683340723,Creator,N/A,Creator,Caroline Marion Poveslo,N/A
1157938331,Creator,N/A,Creator,Caroline Marion Poveslo,N/A
501609921,Creator,N/A,Creator,Caroline Marion Poveslo,N/A
1161326498,Creator,N/A,Creator,Caroline Marion Poveslo,N/A
542341441,Creator,N/A,Creator,Caroline Marion Poveslo,N/A
1170197018,Creator,N/A,Creator,Caroline Marion Poveslo,N/A
145470982,Creator,N/A,Creator,Caroline Marion Poveslo,N/A
1270073254,Creator,N/A,Creator,Caroline Marion Poveslo,N/A
231968924,Creator,N/A,Creator,Caroline Marion Poveslo,N/A
72716501,Creator,N/A,Creator,Caroline Marion Poveslo,N/A
1496076467,Creator,N/A,Creator,Caroline Marion Poveslo,N/A
409705915,Creator,N/A,Creator,Caroline Marion Poveslo,N/A
17193449,Creator,N/A,Creator,Caroline Marion Poveslo,N/A
213907612,Creator,N/A,Creator,Caroline Marion Poveslo,N/A
736809534,Creator,N/A,Creator,Caroline Marion Poveslo,N/A
2356159252,Creator,N/A,Creator,Caroline Marion Poveslo,N/A
1125698170,Creator,N/A,Creator,Caroline Marion Poveslo,N/A
2393182107,Creator,N/A,Creator,Caroline Marion Poveslo,N/A
1199334555,Creator,N/A,Creator,Caroline Marion Poveslo,N/A
615253797,Creator,N/A,Creator,Caroline Marion Poveslo,N/A
722884446,Creator,N/A,Creator,Caroline Marion Poveslo,N/A
1082342289,Creator,N/A,Creator,Caroline Marion Poveslo,N/A
1028853456,Creator,N/A,Creator,Caroline Marion Poveslo,N/A
204147412,Creator,N/A,Creator,Caroline Marion Poveslo,N/A
497166127,Creator,N/A,Creator,Caroline Marion Poveslo,N/A
2231181948,Creator,N/A,Creator,Caroline Marion Poveslo,N/A
2492654086,Creator,N/A,Creator,Caroline Marion Poveslo,N/A
181381561,Creator,N/A,Creator,Caroline Marion Poveslo,N/A
538903017,Creator,N/A,Creator,Caroline Marion Poveslo,N/A
1487020803,Creator,N/A,Creator,Caroline Marion Poveslo,N/A
489347506,Creator,N/A,Creator,Caroline Marion Poveslo,N/A
447780139,Creator,N/A,Creator,Caroline Marion Poveslo,N/A
2310395141,Creator,N/A,Creator,Caroline Marion Poveslo,N/A
2703123996,Creator,N/A,Creator,Caroline Marion Poveslo,N/A
1277280996,Creator,N/A,Creator,Caroline Marion Poveslo,N/A
151632637,Creator,N/A,Creator,Caroline Marion Poveslo,N/A
126471530,Creator,N/A,Creator,Caroline Marion Poveslo,N/A
780063776,Creator,N/A,Creator,Caroline Marion Poveslo,N/A
449428570,Creator,N/A,Creator,Caroline Marion Poveslo,N/A
2669207622,Creator,N/A,Creator,Caroline Marion Poveslo,N/A
2522223747,Creator,N/A,Creator,Caroline Marion Poveslo,N/A
2430999549,Creator,N/A,Creator,Caroline Marion Poveslo,N/A
512477762,Creator,N/A,Creator,Caroline Marion Poveslo,N/A
761913943,Creator,N/A,Creator,Caroline Marion Poveslo,N/A
117301349,Creator,N/A,Creator,Caroline Marion Poveslo,N/A
463644151,Creator,N/A,Creator,Caroline Marion Poveslo,N/A
317675482,Creator,N/A,Creator,Caroline Marion Poveslo,N/A
1120549407,Creator,N/A,Creator,Caroline Marion Poveslo,N/A
2228116911,Creator,N/A,Creator,Caroline Marion Poveslo,N/A
1665954267,Creator,N/A,Creator,Caroline Marion Poveslo,N/A
201906262,Creator,N/A,Creator,Caroline Marion Poveslo,N/A
208370289,Creator,N/A,Creator,Caroline Marion Poveslo,N/A
154388268,Creator,N/A,Creator,Caroline Marion Poveslo,N/A
2459023662,Creator,N/A,Creator,Caroline Marion Poveslo,N/A
262960441,Creator,N/A,Creator,Caroline Marion Poveslo,N/A
2493094004,Creator,N/A,Creator,Caroline Marion Poveslo,N/A
522385786,Creator,N/A,Creator,Caroline Marion Poveslo,N/A
2434831779,Creator,N/A,Creator,Caroline Marion Poveslo,N/A
510582364,Creator,N/A,Creator,Caroline Marion Poveslo,N/A
1185106997,Creator,N/A,Creator,Caroline Marion Poveslo,N/A
1897512966,Creator,N/A,Creator,Caroline Marion Poveslo,N/A
245713130,Creator,N/A,Creator,Caroline Marion Poveslo,N/A
2581245865,Creator,N/A,Creator,Caroline Marion Poveslo,N/A
273231228,Creator,N/A,Creator,Caroline Marion Poveslo,N/A
521448305,Creator,N/A,Creator,Caroline Marion Poveslo,N/A
1066440070,Creator,N/A,Creator,Caroline Marion Poveslo,N/A
2426926367,Creator,N/A,Creator,Caroline Marion Poveslo,N/A
1069127641,Creator,N/A,Creator,Caroline Marion Poveslo,N/A
2497247795,Creator,N/A,Creator,Caroline Marion Poveslo,N/A
713153046,Creator,N/A,Creator,Caroline Marion Poveslo,N/A
1896767195,Creator,N/A,Creator,Caroline Marion Poveslo,N/A
290976916,Creator,N/A,Creator,Caroline Marion Poveslo,N/A
2232451276,Creator,N/A,Creator,Caroline Marion Poveslo,N/A
278962320,Creator,N/A,Creator,Caroline Marion Poveslo,N/A
418104406,Creator,N/A,Creator,Caroline Marion Poveslo,N/A
328893386,Creator,N/A,Creator,Caroline Marion Poveslo,N/A
117346857,Creator,N/A,Creator,Caroline Marion Poveslo,N/A
209024974,Creator,N/A,Creator,Caroline Marion Poveslo,N/A
275627915,Creator,N/A,Creator,Caroline Marion Poveslo,N/A
620294238,Creator,N/A,Creator,Caroline Marion Poveslo,N/A
210227266,Creator,N/A,Creator,Caroline Marion Poveslo,N/A
1109725030,Creator,N/A,Creator,Caroline Marion Poveslo,N/A
146399357,Creator,N/A,Creator,Caroline Marion Poveslo,N/A
440161680,Creator,N/A,Creator,Caroline Marion Poveslo,N/A
1051741229,Creator,N/A,Creator,Caroline Marion Poveslo,N/A
196662453,Creator,N/A,Creator,Caroline Marion Poveslo,N/A
207076370,Creator,N/A,Creator,Caroline Marion Poveslo,N/A
392657543,Creator,N/A,Creator,Caroline Marion Poveslo,N/A
2681942910,Creator,N/A,Creator,Caroline Marion Poveslo,N/A
184826547,Creator,N/A,Creator,Caroline Marion Poveslo,N/A
1013556619,Creator,N/A,Creator,Caroline Marion Poveslo,N/A
176425793,Creator,N/A,Creator,Caroline Marion Poveslo,N/A
403692752,Creator,N/A,Creator,Caroline Marion Poveslo,N/A
2061630941,Creator,N/A,Creator,Caroline Marion Poveslo,N/A
2292414951,Creator,N/A,Creator,Caroline Marion Poveslo,N/A
351100663,Creator,N/A,Creator,Caroline Marion Poveslo,N/A
1394193782,Creator,N/A,Creator,Caroline Marion Poveslo,N/A
164284691,Creator,N/A,Creator,Caroline Marion Poveslo,N/A
27000931,Creator,N/A,Creator,Caroline Marion Poveslo,N/A
215370153,Creator,N/A,Creator,Caroline Marion Poveslo,N/A
2298476615,Creator,N/A,Creator,Caroline Marion Poveslo,N/A
425813855,Creator,N/A,Creator,Caroline Marion Poveslo,N/A
430782342,Creator,N/A,Creator,Caroline Marion Poveslo,N/A
661728445,Creator,N/A,Creator,Caroline Marion Poveslo,N/A
290995376,Creator,N/A,Creator,Caroline Marion Poveslo,N/A
288194405,Creator,N/A,Creator,Caroline Marion Poveslo,N/A
33896335,Creator,N/A,Creator,Caroline Marion Poveslo,N/A
1435871957,Creator,N/A,Creator,Caroline Marion Poveslo,N/A
686783147,Creator,N/A,Creator,Caroline Marion Poveslo,N/A
2249972965,Creator,N/A,Creator,Caroline Marion Poveslo,N/A
2625548744,Creator,N/A,Creator,Caroline Marion Poveslo,N/A
1347880209,Creator,N/A,Creator,Caroline Marion Poveslo,N/A
162350321,Creator,N/A,Creator,Caroline Marion Poveslo,N/A
2236297571,Creator,N/A,Creator,Caroline Marion Poveslo,N/A
116601625,Creator,N/A,Creator,Caroline Marion Poveslo,N/A
212678835,Creator,N/A,Creator,Caroline Marion Poveslo,N/A
599212422,Creator,N/A,Creator,Caroline Marion Poveslo,N/A
535385772,Creator,N/A,Creator,Caroline Marion Poveslo,N/A
187985366,Creator,N/A,Creator,Caroline Marion Poveslo,N/A
826843912,Creator,N/A,Creator,Caroline Marion Poveslo,N/A
678377898,Creator,N/A,Creator,Caroline Marion Poveslo,N/A
228887997,Creator,N/A,Creator,Caroline Marion Poveslo,N/A
377929970,Creator,N/A,Creator,Caroline Marion Poveslo,N/A
1927194760,Creator,N/A,Creator,Caroline Marion Poveslo,N/A
498102835,Creator,N/A,Creator,Caroline Marion Poveslo,N/A
29395920,Creator,N/A,Creator,Caroline Marion Poveslo,N/A
159045075,Creator,N/A,Creator,Caroline Marion Poveslo,N/A
363959759,Creator,N/A,Creator,Caroline Marion Poveslo,N/A
526386612,Creator,N/A,Creator,Caroline Marion Poveslo,N/A
228056475,Creator,N/A,Creator,Caroline Marion Poveslo,N/A
1061801403,Creator,N/A,Creator,Caroline Marion Poveslo,N/A
731236263,Creator,N/A,Creator,Caroline Marion Poveslo,N/A
219800610,Creator,N/A,Creator,Caroline Marion Poveslo,N/A
2696574010,Creator,N/A,Creator,Caroline Marion Poveslo,N/A
586276843,Creator,N/A,Creator,Caroline Marion Poveslo,N/A
527466721,Creator,N/A,Creator,Caroline Marion Poveslo,N/A
2148470553,Creator,N/A,Creator,Caroline Marion Poveslo,N/A
164768509,Creator,N/A,Creator,Caroline Marion Poveslo,N/A
120188822,Creator,N/A,Creator,Caroline Marion Poveslo,N/A
679791413,Creator,N/A,Creator,Caroline Marion Poveslo,N/A
1319736459,Creator,N/A,Creator,Caroline Marion Poveslo,N/A
541451354,Creator,N/A,Creator,Caroline Marion Poveslo,N/A
431128316,Creator,N/A,Creator,Caroline Marion Poveslo,N/A
260219161,Creator,N/A,Creator,Caroline Marion Poveslo,N/A
2546829487,Creator,N/A,Creator,Caroline Marion Poveslo,N/A
146046418,Creator,N/A,Creator,Caroline Marion Poveslo,N/A
74056087,Creator,N/A,Creator,Caroline Marion Poveslo,N/A
1560014475,Creator,N/A,Creator,Caroline Marion Poveslo,N/A
1692418369,Creator,N/A,Creator,Caroline Marion Poveslo,N/A
1113688072,Creator,N/A,Creator,Caroline Marion Poveslo,N/A
184096271,Creator,N/A,Creator,Caroline Marion Poveslo,N/A
2198983719,Creator,N/A,Creator,Caroline Marion Poveslo,N/A
2497316097,Creator,N/A,Creator,Caroline Marion Poveslo,N/A
355744386,Creator,N/A,Creator,Caroline Marion Poveslo,N/A
2419597028,Creator,N/A,Creator,Caroline Marion Poveslo,N/A
271891463,Creator,N/A,Creator,Caroline Marion Poveslo,N/A
235368984,Creator,N/A,Creator,Caroline Marion Poveslo,N/A
385600152,Creator,N/A,Creator,Caroline Marion Poveslo,N/A
1084959206,Creator,N/A,Creator,Caroline Marion Poveslo,N/A
2423521403,Creator,N/A,Creator,Caroline Marion Poveslo,N/A
1220035825,Creator,N/A,Creator,Caroline Marion Poveslo,N/A
424682989,Creator,N/A,Creator,Caroline Marion Poveslo,N/A
2992150534,Creator,N/A,Creator,Caroline Marion Poveslo,N/A
1537497116,Creator,N/A,Creator,Caroline Marion Poveslo,N/A
307873823,Creator,N/A,Creator,Caroline Marion Poveslo,N/A
282754230,Creator,N/A,Creator,Caroline Marion Poveslo,N/A
493098886,Creator,N/A,Creator,Caroline Marion Poveslo,N/A
94097229,Creator,N/A,Creator,Caroline Marion Poveslo,N/A
799667214,Creator,N/A,Creator,Caroline Marion Poveslo,N/A
278840723,Creator,N/A,Creator,Caroline Marion Poveslo,N/A
277473820,Creator,N/A,Creator,Caroline Marion Poveslo,N/A
726433010,Creator,N/A,Creator,Caroline Marion Poveslo,N/A
2458648568,Creator,N/A,Creator,Caroline Marion Poveslo,N/A
1891004983,Creator,N/A,Creator,Caroline Marion Poveslo,N/A
802422802,Creator,N/A,Creator,Caroline Marion Poveslo,N/A
2394215343,Creator,N/A,Creator,Caroline Marion Poveslo,N/A
662582249,Creator,N/A,Creator,Caroline Marion Poveslo,N/A
269172665,Creator,N/A,Creator,Caroline Marion Poveslo,N/A
2517263559,Creator,N/A,Creator,Caroline Marion Poveslo,N/A
675122631,Creator,N/A,Creator,Caroline Marion Poveslo,N/A
220188715,Creator,N/A,Creator,Caroline Marion Poveslo,N/A
349091602,Creator,N/A,Creator,Caroline Marion Poveslo,N/A
798687636,Creator,N/A,Creator,Caroline Marion Poveslo,N/A
2377845439,Creator,N/A,Creator,Caroline Marion Poveslo,N/A
1147258690,Creator,N/A,Creator,Caroline Marion Poveslo,N/A
1593577618,Creator,N/A,Creator,Caroline Marion Poveslo,N/A
184542208,Creator,N/A,Creator,Caroline Marion Poveslo,N/A
356595930,Creator,N/A,Creator,Caroline Marion Poveslo,N/A
210717392,Creator,N/A,Creator,Caroline Marion Poveslo,N/A
2414602233,Creator,N/A,Creator,Caroline Marion Poveslo,N/A
740149955,Creator,N/A,Creator,Caroline Marion Poveslo,N/A
746184886,Creator,N/A,Creator,Caroline Marion Poveslo,N/A
834881698,Creator,N/A,Creator,Caroline Marion Poveslo,N/A
177887289,Creator,N/A,Creator,Caroline Marion Poveslo,N/A
177778397,Content | TE & HE,afiliadosml,Bronze,Thales Rimoli,Vitor Almeida
223065571,Content | TE & HE,deivisonreis,Bronze,Thales Rimoli,Vitor Almeida
183084677,Content | TE & HE,lippeofertas,Bronze,Thales Rimoli,Vitor Almeida
1297399555,Content | TE & HE,silva0012,Bronze,Thales Rimoli,Vitor Almeida
1293477138,Content | TE & HE,wplima1,Bronze,Thales Rimoli,Vitor Almeida
167650333,Content | TE & HE,alishow,Bronze,Thales Rimoli,Vitor Almeida
1856859073,Content | TE & HE,cm20240614143136,Bronze,Thales Rimoli,Vitor Almeida
1803568980,Content | TE & HE,gianlucabc,Bronze,Thales Rimoli,Vitor Almeida
172902052,Content | TE & HE,ltech,Bronze,Thales Rimoli,Vitor Almeida
1326519654,Content | TE & HE,meupcnet,Bronze,Thales Rimoli,Vitor Almeida
200949990,Content | C&I + F&H,gagi8344107,Silver,Thales Rimoli,Carli Vasconcelos
75387792,Content | TE & HE,leonardodrummond,Bronze,Thales Rimoli,Vitor Almeida
241645688,Content | TE & HE,canaldigplay,Bronze,Thales Rimoli,Vitor Almeida
690775790,Content | C&I + F&H,guicasainteligente,Bronze,Thales Rimoli,Vitor Almeida
2950832623,Content | TE & HE,AO20251027154024,Silver,Thales Rimoli,Priscila Marques
172632957,Content | Cross,61 658 277 FELIPE SOARES LOURE,Bronze,Thales Rimoli,Pedro Herrera
2907265272,Content | Cross,gq20251005181240,Bronze,Thales Rimoli,Vitor Almeida
553485627,Content | TE & HE,nasa5361421,Bronze,Thales Rimoli,Vitor Almeida
275994614,Content | Cross,motoshartmann,Bronze,Thales Rimoli,Vitor Almeida
2018286552,Content | TE & HE,lr20241002154517,Silver,Thales Rimoli,Priscila Marques
93608612,Content | C&I + F&H,valeuadica,Bronze,Thales Rimoli,Vitor Almeida
2944716707,Content | TE & HE,descomplicaconosco,Bronze,Thales Rimoli,Vitor Almeida
1864837598,Content | TE & HE,lphoffmann,Bronze,Thales Rimoli,Vitor Almeida
2434968281,Content | TE & HE,corujaofertas,Bronze,Thales Rimoli,Vitor Almeida
1539409111,Content | TE & HE,promopcs,Bronze,Thales Rimoli,Vitor Almeida
156249774,Content | TE & HE,comprafacilesegura,Bronze,Thales Rimoli,Vitor Almeida
2526989064,Content | TE & HE,eudeseudes20230911142827,Silver,Thales Rimoli,Leonardo Santos
147294155,Content | TE & HE,leandroimports,Bronze,Thales Rimoli,Vitor Almeida
2378704472,Content | C&I + F&H,resenhasdoheitor,Bronze,Thales Rimoli,Pedro Herrera
1359646788,Content | TE & HE,marcustech,Bronze,Thales Rimoli,Vitor Almeida
146098112,Content | TE & HE,ermesondiego,Bronze,Thales Rimoli,Vitor Almeida
1263659690,Content | TE & HE,gabrieldepinho,Bronze,Thales Rimoli,Vitor Almeida
2110862714,Content | Cross,cupomorg,Silver,Thales Rimoli,Carli Vasconcelos
1435379477,Content | TE & HE,ofertasbrasil,Bronze,Thales Rimoli,Vitor Almeida
2687485620,Content | TE & HE,f20250911170728,Bronze,Thales Rimoli,Vitor Almeida
2056840000,Content | Cross,sosofertasdainternet,Bronze,Thales Rimoli,Vitor Almeida
1426600144,Content | TE & HE,pedrodebrito,Bronze,Thales Rimoli,Vitor Almeida
238429732,Content | TE & HE,eumathvsl,Silver,Thales Rimoli,Priscila Marques
1441090684,Content | TE & HE,xaviertech,Bronze,Thales Rimoli,Vitor Almeida
192874049,Content | TE & HE,guigatech,Bronze,Thales Rimoli,Vitor Almeida
623373248,Content | TE & HE,eumarkim,Silver,Thales Rimoli,Leonardo Santos
628036387,Content | TE & HE,fiaspo,Bronze,Thales Rimoli,Vitor Almeida
1463706675,Content | TE & HE,Economister,Bronze,Thales Rimoli,Vitor Almeida
1389194151,Content | TE & HE,iurindica,Bronze,Thales Rimoli,Vitor Almeida
181819375,Content | TE & HE,tecnoart,Silver,Thales Rimoli,Leonardo Santos
1110297688,Content | TE & HE,setuphumilde,Bronze,Thales Rimoli,Vitor Almeida
307934370,Content | TE & HE,kleberkb,Silver,Thales Rimoli,Leonardo Santos
1951744105,Content | TE & HE,poison,Bronze,Thales Rimoli,Vitor Almeida
2389628095,Content | LifeStyle,ofcprominho,Gold,Lucas Vesterman,Alexandre Garcia
1114585317,Content | TE & HE,bench promos,Gold,Lucas Vesterman,Alexandre Garcia
1473563772,Content | Cross,urubupromo,Gold,Lucas Vesterman,Rodrigo Nogi
1514602500,Content | Cross,recomendou,Gold,Lucas Vesterman,Rodrigo Nogi
2479047723,Content | Cross,admtokkyo,Gold,Lucas Vesterman,Rodrigo Nogi
1427325193,Content | Cross,tabaratasso,Diamond,Lucas Vesterman,Alexandre Garcia
330532268,Content | Cross,achadosempromo,Gold,Lucas Vesterman,Alexandre Garcia
1450808630,Content | Cross,agenciarice,Gold,Lucas Vesterman,Alexandre Garcia
2547105073,Content | Cross,gabigarimpayoutube,Gold,Lucas Vesterman,Alexandre Garcia
1426808500,Content | Cross,promoimperdivel,Gold,Lucas Vesterman,Rodrigo Nogi
15665498,Content | Cross,kotas,Gold,Lucas Vesterman,Rodrigo Nogi
322502351,Content | Cross,desconto,Gold,Lucas Vesterman,Alexandre Garcia
1446287023,Content | LifeStyle,garimpeiofertas,Gold,Lucas Vesterman,Rodrigo Nogi
1461583629,Content | Cross,tempromo,Gold,Lucas Vesterman,Alexandre Garcia
2204331964,Content | LifeStyle,tralha,Gold,Lucas Vesterman,Rodrigo Nogi
263391604,Content | Cross,so_promocoesdodia,Gold,Lucas Vesterman,Alexandre Garcia
1434918733,Content | Cross,babypromokids,Gold,Lucas Vesterman,Alexandre Garcia
1469910364,Content | Cross,clubedopresidente,Gold,Lucas Vesterman,Rodrigo Nogi
1082097965,Content | Cross,Promobyte,Silver,Thales Rimoli,Carli Vasconcelos
2345017244,Content | Cross,promosinc,Gold,Lucas Vesterman,Alexandre Garcia
1424070748,Content | Cross,lapromotion,Gold,Lucas Vesterman,Alexandre Garcia
150242200,Content | Cross,preguicaofertas,Silver,Thales Rimoli,Carli Vasconcelos
2952440854,Content | Cross,pobredasofertas,Gold,Lucas Vesterman,Rodrigo Nogi
1420365380,Content | Cross,pincei,Gold,Lucas Vesterman,Rodrigo Nogi
1478114661,Content | Cross,peguepromo,Gold,Lucas Vesterman,alexandre Garcia
2569994453,Content | Cross,OLHADAPROMOS,Gold,Lucas Vesterman,Rodrigo Nogi
521944421,Content | LifeStyle,sopromosoriginais,Diamond,Lucas Vesterman,Rodrigo Nogi
447087158,Content | LifeStyle,achadosoriginais,Diamond,Lucas Vesterman,Rodrigo Nogi
441877091,Content | LifeStyle,achadosdovitrine,Diamond,Lucas Vesterman,Rodrigo Nogi
301138223,Content | LifeStyle,timedeofertasofc,Diamond,Lucas Vesterman,Rodrigo Nogi
16101052,Content | LifeStyle,gabrielvieira4,Diamond,Lucas Vesterman,Rodrigo Nogi
1890134964,Content | LifeStyle,promodeamiga,Diamond,Lucas Vesterman,Alexandre Garcia
1487189700,Content | LifeStyle,rafaellyrafaelly20230921082818,Gold,Lucas Vesterman,Alexandre Garcia
1299080285,Content | LifeStyle,achadinhosimperdivei,Gold,Lucas Vesterman,Alexandre Garcia
1815084683,Content | LifeStyle,eipromodelas,Gold,Lucas Vesterman,Rodrigo Nogi
2908237301,Content | LifeStyle,tp20251006084353,Gold,Lucas Vesterman,Alexandre Garcia
2671243577,Content | LifeStyle,giuliaperfume,Gold,Lucas Vesterman,Alexandre Garcia
2651081363,Content | LifeStyle,Lorenzo Maeno,Gold,Lucas Vesterman,Alexandre Garcia
2647474623,Content | Cross,home,Gold,Lucas Vesterman,Alexandre Garcia
454115966,Content | LifeStyle,mavi_cavalcante,Silver,Thales Rimoli,Leonardo Santos
223570809,Content | LifeStyle,taldedescontinho,Gold,Lucas Vesterman,Alexandre Garcia
2226978285,Content | LifeStyle,mp20250123112558,Silver,Thales Rimoli,Leonardo Santos
2540945911,Content | LifeStyle,dimas,Bronze,Thales Rimoli,Pedro Herrera
2651119467,Content | LifeStyle,t20250827223718,Bronze,Thales Rimoli,Nina Adler
127417620,Content | LifeStyle,ACHOU BARATO LTDA,Bronze,Thales Rimoli,Nina Adler
2159634895,Content | LifeStyle,grupopromo,Gold,Lucas Vesterman,Alexandre Garcia
664433238,Content | LifeStyle,jbcomercioeconfeccoesltda,Silver,Thales Rimoli,Leonardo Santos
216061197,Content | LifeStyle,Mayra,Bronze,Thales Rimoli,Pedro Herrera
190857011,Creator,eliananascimentoo__,Creator,Caroline Marion Poveslo,
1427265851,Creator,51473305514733052023071912,Creator,Caroline Marion Poveslo,
138094323,Content | LifeStyle,anahonorata,Bronze,Thales Rimoli,Pedro Herrera
1318500198,Content | TE & HE,Taleesa,Bronze,Thales Rimoli,Vitor Almeida
85783542,Content | LifeStyle,cariocabikeshop,Bronze,Thales Rimoli,Pedro Herrera
59018115,Content | LifeStyle,ThaÃƒÂ­s,Bronze,Thales Rimoli,Nina Adler
1827399957,Content | LifeStyle,21onze,Bronze,Thales Rimoli,Pedro Herrera
205890946,Content | LifeStyle,louise_victoria27@hotmail.com,Bronze,Thales Rimoli,Nina Adler
277765986,Content | C&I + F&H,Paulo Vitor,Bronze,Thales Rimoli,Vitor Almeida
226046758,Content | LifeStyle,prorelampago,Gold,Lucas Vesterman,Alexandre Garcia
1258550467,Content | LifeStyle,promodehomem,Gold,Lucas Vesterman,Alexandre Garcia
1768622098,Content | LifeStyle,espionandopromos,Gold,Lucas Vesterman,Rodrigo Nogi
2393086063,Content | LifeStyle,grupoeconomia,Silver,Thales Rimoli,Leonardo Santos
2514893588,Content | Cross,bp20250623091926,Gold,Lucas Vesterman,Alexandre Garcia
214152484,Content | C&I + F&H,achadosdatai,Silver,Thales Rimoli,Leonardo Santos
744048622,Content | LifeStyle,Achadosdalisii,Gold,Lucas Vesterman,Alexandre Garcia
564401992,Content | LifeStyle,luh,Gold,Lucas Vesterman,Alexandre Garcia
129429765,Content | LifeStyle,dicasdasaa,Gold,Lucas Vesterman,Alexandre Garcia
2644774232,Content | LifeStyle,teniswpp,Gold,Lucas Vesterman,Alexandre Garcia
141137057,Content | LifeStyle,promodegarota,Silver,Thales Rimoli,Leonardo Santos
2419513435,Content | LifeStyle,migaseconomizam,Silver,Thales Rimoli,Leonardo Santos
429396831,Content | TE & HE,avalioucompany,Gold,Lucas Vesterman,Rodrigo Nogi
536119834,Content | LifeStyle,promosdepaty,Silver,Thales Rimoli,Leonardo Santos
2650443175,Content | LifeStyle,pm20250827164745,Gold,Lucas Vesterman,Alexandre Garcia
1480696279,Content | LifeStyle,heloisaheloisa20230915170807,Silver,Thales Rimoli,Leonardo Santos
1439663675,Content | LifeStyle,apromoimperdivel,Silver,Thales Rimoli,Leonardo Santos
1477338366,Content | LifeStyle,achadinhosnahora,Silver,Thales Rimoli,Leonardo Santos
1090818795,Content | C&I + F&H,monetizacaodevideos,Gold,Lucas Vesterman,Rodrigo Nogi
481509072,Content | LifeStyle,iannerm123,Silver,Thales Rimoli,Leonardo Santos
1426683122,Content | LifeStyle,diariobeleza,Silver,Thales Rimoli,Leonardo Santos
2669248973,Content | LifeStyle,promosodascheirosas,Silver,Thales Rimoli,Leonardo Santos
1890797680,Content | LifeStyle,tenis_certo,Silver,Thales Rimoli,Leonardo Santos
66288574,Content | C&I + F&H,promododialinks,Silver,Thales Rimoli,Carli Vasconcelos
1587747906,Content | C&I + F&H,achadosdodiia,Silver,Thales Rimoli,Carli Vasconcelos
2683269260,Content | Cross,mm20250909191901,Gold,Lucas Vesterman,Alexandre Garcia
1670402214,Content | LifeStyle,economizandu,Diamond,Lucas Vesterman,Rodrigo Nogi
155523724,Content | C&I + F&H,encontreinaweb,Silver,Thales Rimoli,Carli Vasconcelos
1366779655,Content | TE & HE,moa,Silver,Thales Rimoli,Carli Vasconcelos
129828195,Content | C&I + F&H,ayrlasilvesre,Silver,Thales Rimoli,Carli Vasconcelos
13056075,Content | C&I + F&H,tarcisiosimone,Silver,Thales Rimoli,Carli Vasconcelos
1530928799,Content | TE & HE,olhadatec,Silver,Thales Rimoli,Carli Vasconcelos
1688748953,Content | C&I + F&H,oreidapromobr,Diamond,Lucas Vesterman,Rodrigo Nogi
2465561350,Content | Other,ACHADO DE CARRO,Gold,Lucas Vesterman,Rodrigo Nogi
1423311190,Content | Cross,ofertaodovinil,Bronze,Thales Rimoli,Nina Adler
786771892,Content | Cross,achadinhosgarantido,Bronze,Thales Rimoli,Nina Adler
673851790,Content | Cross,paymentsclub,Bronze,Thales Rimoli,Nina Adler
1434017443,Content | Cross,fsupersale,Bronze,Thales Rimoli,Nina Adler
609644801,Content | Cross,ofertasperdidinhas,Bronze,Thales Rimoli,Nina Adler
303223557,Content | Cross,promosdamih,Bronze,Thales Rimoli,Nina Adler
1463526269,Content | C&I + F&H,ofertando,Bronze,Thales Rimoli,Nina Adler
1156678,Content | Cross,liajansenm,Bronze,Thales Rimoli,Nina Adler
2200130866,Content | Cross,od20250107113353,Bronze,Thales Rimoli,Nina Adler
1453199461,Content | Cross,cacadordepromocoes1,Bronze,Thales Rimoli,Nina Adler
512970471,Content | Cross,achadinhodeverdade,Bronze,Thales Rimoli,Nina Adler
2219662011,Content | LifeStyle,duari,Silver,Thales Rimoli,Priscila Marques
1282155962,Content | Cross,adivulgadora,Bronze,Thales Rimoli,Nina Adler
141495725,Content | Cross,bertolifabio20230915200717,Bronze,Thales Rimoli,Nina Adler
161660180,Content | Cross,oqcomprei,Silver,Thales Rimoli,Priscila Marques
1477767000,Content | Cross,imperador,Bronze,Thales Rimoli,Nina Adler
669879050,Content | Cross,Vinicius,Silver,Thales Rimoli,Priscila Marques
202884905,Content | LifeStyle,academiaesporteshop,Bronze,Thales Rimoli,Nina Adler
83966270,Content | Cross,ratadosachados,Bronze,Thales Rimoli,Nina Adler
431811888,Content | Cross,instadaspromos,Bronze,Thales Rimoli,Nina Adler
1763078011,Content | LifeStyle,Promo,Bronze,Thales Rimoli,Nina Adler
286691475,Content | LifeStyle,debikenamontanha,Bronze,Thales Rimoli,Nina Adler
103699751,Content | Cross,rogenevinicius,Bronze,Thales Rimoli,Nina Adler
183440224,Content | Cross,viciadosemdescontos,Bronze,Thales Rimoli,Nina Adler
1944563635,Content | Cross,podiumdeofertas,Bronze,Thales Rimoli,Nina Adler
678565811,Creator,quenitaperin22,Creator,Caroline Marion Poveslo,
2428615837,Content | Cross,vendas.shopee.igor8,Bronze,Thales Rimoli,Nina Adler
341004914,Content | Cross,promosporflavia,Bronze,Thales Rimoli,Nina Adler
2357360325,Content | Cross,guru,Bronze,Thales Rimoli,Nina Adler
317818364,Content | Cross,cantinhodaspromos,Bronze,Thales Rimoli,Nina Adler
212408657,Content | Cross,cacadoresderenda,Silver,Thales Rimoli,Priscila Marques
232876240,Content | Cross,especialistautilitar,Bronze,Thales Rimoli,Nina Adler
2208809834,Content | Cross,espieiofertas,Bronze,Thales Rimoli,Nina Adler
1588265237,Content | Cross,promoatleta,Bronze,Thales Rimoli,Nina Adler
256041945,Content | Cross,infobrpromos,Bronze,Thales Rimoli,Nina Adler
459212188,Content | C&I + F&H,amigabr,Bronze,Thales Rimoli,Nina Adler
2248551244,Content | Cross,eydyzinhamuquirana,Bronze,Thales Rimoli,Nina Adler
1452193631,Content | C&I + F&H,promofazolli,Gold,Lucas Vesterman,Rodrigo Nogi
157729823,Content | Cross,def,Bronze,Thales Rimoli,Nina Adler
1047715590,Content | LifeStyle,alphafitbrasil,Bronze,Thales Rimoli,Nina Adler
228727730,Content | Cross,hgaspoodini,Bronze,Thales Rimoli,Nina Adler
230796982,Content | Cross,alysonzancanaro,Bronze,Thales Rimoli,Nina Adler
1460641122,Content | LifeStyle,gruposef,Bronze,Thales Rimoli,Nina Adler
538152142,Content | Cross,diquinhasgirl,Bronze,Thales Rimoli,Nina Adler
269337304,Content | Cross,giuliaxisto,Silver,Thales Rimoli,Priscila Marques
660834219,Content | Cross,se20241031082024,Bronze,Thales Rimoli,Nina Adler
2066492086,Content | Cross,achadinhosdaloe,Silver,Thales Rimoli,Priscila Marques
1946020572,Content | LifeStyle,gabrielleurbano,Bronze,Thales Rimoli,Nina Adler
593029712,Content | Cross,pobredasofertas,Gold,Lucas Vesterman,Rodrigo Nogi
211158953,Content | Cross,bestpromosbr,Bronze,Thales Rimoli,Nina Adler
245178092,Content | Cross,luandoparedaoo,Bronze,Thales Rimoli,Nina Adler
1542380813,Content | Cross,promosnahora_,Bronze,Thales Rimoli,Nina Adler
1462250546,Content | Cross,topofertasbabykids,Bronze,Thales Rimoli,Nina Adler
1531225553,Content | Cross,monsterofertas,Bronze,Thales Rimoli,Nina Adler
485945401,Content | Cross,livrosblackfriday,Bronze,Thales Rimoli,Nina Adler
62758088,Content | LifeStyle,gatagarotafinds,Bronze,Thales Rimoli,Nina Adler
1430584463,Content | LifeStyle,achadonapromo,Bronze,Thales Rimoli,Nina Adler
126659569,Content | C&I + F&H,larimarcioliver,Bronze,Thales Rimoli,Nina Adler
297819181,Content | Cross,promocoes_da_juh_,Bronze,Thales Rimoli,Nina Adler
1816546951,Content | Cross,affilion,Silver,Thales Rimoli,Priscila Marques
174564919,Content | Cross,rebecadionizio,Bronze,Thales Rimoli,Nina Adler
1927535724,Content | Cross,promogeekofertas,Silver,Thales Rimoli,Priscila Marques
1433012143,Content | Cross,quecriativo,Bronze,Thales Rimoli,Nina Adler
110018205,Content | Cross,ofertinha,Bronze,Thales Rimoli,Nina Adler
1862563279,Content | Cross,tanodescontinho,Bronze,Thales Rimoli,Nina Adler
213618896,Content | Cross,aqle6195875,Bronze,Thales Rimoli,Nina Adler
92297909,Content | Cross,razer12,Bronze,Thales Rimoli,Nina Adler
1998255005,Content | Cross,achadasso,Bronze,Thales Rimoli,Nina Adler
1936498525,Content | Cross,gabindica,Bronze,Thales Rimoli,Nina Adler
280333191,Content | C&I + F&H,milenasacramento35,Silver,Thales Rimoli,Carli Vasconcelos
477371754,Content | C&I + F&H,portal_refrigeracao,Bronze,Thales Rimoli,Pedro Herrera
627245178,Content | TE & HE,brcdigital,Bronze,Thales Rimoli,Pedro Herrera
420277922,Creator,ana.paulabarbosasc,Creator,Caroline Marion Poveslo,
314582462,Content | C&I + F&H,renatattorrentes,Bronze,Thales Rimoli,Pedro Herrera
271356022,Content | C&I + F&H,monetizacaodevideos,Bronze,Thales Rimoli,Pedro Herrera
66404218,Content | C&I + F&H,guinaajp,Bronze,Thales Rimoli,Pedro Herrera
286551778,Content | C&I + F&H,wellitonbraun,Bronze,Thales Rimoli,Pedro Herrera
129459602,Content | C&I + F&H,isadorafilipiack,Bronze,Thales Rimoli,Pedro Herrera
199372032,Content | C&I + F&H,maraamorim166,Bronze,Thales Rimoli,Pedro Herrera
135771137,Content | C&I + F&H,manoel,Bronze,Thales Rimoli,Pedro Herrera
2240848136,Content | C&I + F&H,cl20250129170032,Bronze,Thales Rimoli,Pedro Herrera
2697350057,Content | C&I + F&H,ofertasvizinha,Silver,Thales Rimoli,Carli Vasconcelos
229821630,Content | C&I + F&H,libertytgp,Bronze,Thales Rimoli,Pedro Herrera
2472950551,Content | C&I + F&H,compras1500,Bronze,Thales Rimoli,Pedro Herrera
1550052320,Content | C&I + F&H,avisadesconto,Silver,Thales Rimoli,Carli Vasconcelos
173454411,Content | C&I + F&H,lufa6650321,Bronze,Thales Rimoli,Pedro Herrera
1752757746,Content | C&I + F&H,comprinhasdecasa,Bronze,Thales Rimoli,Pedro Herrera
81075199,Content | C&I + F&H,talita,Bronze,Thales Rimoli,Pedro Herrera
54685868,Content | C&I + F&H,Luciana,Bronze,Thales Rimoli,Pedro Herrera
98661101,Content | C&I + F&H,monetizacaodevideos,Silver,Thales Rimoli,Priscila Marques
400289450,Content | C&I + F&H,ferramentasemacao,Bronze,Thales Rimoli,Pedro Herrera
1801206015,Content | C&I + F&H,meajudanaescolha,Bronze,Thales Rimoli,Pedro Herrera
120316316,Content | C&I + F&H,vhmaker,Bronze,Thales Rimoli,Pedro Herrera
51597294,Content | C&I + F&H,cadeirasdeescritorio,Bronze,Thales Rimoli,Pedro Herrera
186825611,Content | Other,reva5382872,Bronze,Thales Rimoli,Pedro Herrera
391449605,Content | Other,bema5006435,Silver,Thales Rimoli,Priscila Marques
194918152,Content | Other,fellippemassi,Bronze,Thales Rimoli,Pedro Herrera
141701236,Content | Other,alarmefacil,Bronze,Thales Rimoli,Pedro Herrera
198037158,Content | Other,gasa4115481,Silver,Thales Rimoli,Carli Vasconcelos
103593513,Content | Other,rebouasisaac,Silver,Thales Rimoli,Carli Vasconcelos
215942175,Content | LifeStyle,belu9482971,Bronze,Thales Rimoli,Pedro Herrera
232876749,Content | Other,evolon,Silver,Thales Rimoli,Priscila Marques
70129489,Content | Other,araujogeorge79,Bronze,Thales Rimoli,Pedro Herrera
773801672,Content | Other,jamilys,Bronze,Thales Rimoli,Pedro Herrera
2958637361,Content | Other,i20251031112841,Bronze,Thales Rimoli,Pedro Herrera
116499627,Content | Other,douglasfavieri,Bronze,Thales Rimoli,Pedro Herrera
2595529889,Content | TE & HE,maykegarbonew,Diamond,Lucas Vesterman,Alexandre Garcia
1342859483,Content | TE & HE,abelhando,Gold,Lucas Vesterman,Rodrigo Nogi
1370750164,Content | TE & HE,switchxz,Gold,Lucas Vesterman,Alexandre Garcia
678610452,Content | TE & HE,samuelf3lipe,Silver,Thales Rimoli,Leonardo Santos
76331531,Content | TE & HE,especialistaemti,Silver,Thales Rimoli,Leonardo Santos
1365706499,Content | TE & HE,peperaio,Silver,Thales Rimoli,Leonardo Santos
1453452471,Content | TE & HE,Daniel Reenlsober,Gold,Lucas Vesterman,Rodrigo Nogi
1231808348,Content | TE & HE,gesiel,Gold,Lucas Vesterman,Rodrigo Nogi
521028663,Content | TE & HE,promotecgames,Silver,Thales Rimoli,Leonardo Santos
1422846329,Content | TE & HE,coelhonojapo,Gold,Lucas Vesterman,Rodrigo Nogi
1375138586,Content | TE & HE,Canaljptech,Gold,Lucas Vesterman,Rodrigo Nogi
1366151811,Content | TE & HE,pcdofafa,Silver,Thales Rimoli,Leonardo Santos
798617488,Content | TE & HE,Fraguas84,Gold,Lucas Vesterman,Rodrigo Nogi
268850426,Content | TE & HE,jeffrecomenda,Gold,Lucas Vesterman,Rodrigo Nogi
1207675246,Content | TE & HE,canalrodrigomoreira,Gold,Lucas Vesterman,Rodrigo Nogi
1185718745,Content | TE & HE,ofertasgamer,Gold,Lucas Vesterman,Alexandre Garcia
1451916544,Content | TE & HE,tosemkit,Silver,Thales Rimoli,Leonardo Santos
199199140,Content | TE & HE,techbr,Gold,Lucas Vesterman,Rodrigo Nogi
1231576803,Content | TE & HE,inovaleo,Silver,Thales Rimoli,Leonardo Santos
1387667693,Content | TE & HE,descontoemgames,Gold,Lucas Vesterman,Alexandre Garcia
1249172900,Content | TE & HE,tttech,Silver,Thales Rimoli,Leonardo Santos
1406524799,Content | TE & HE,Toptech,Gold,Lucas Vesterman,Rodrigo Nogi
1787797281,Content | TE & HE,dcd05,Gold,Lucas Vesterman,Rodrigo Nogi
379432988,Content | TE & HE,pmempdigitais,Bronze,Thales Rimoli,Vitor Almeida
547239300,Content | TE & HE,d6news,Silver,Thales Rimoli,Leonardo Santos
189307190,Content | TE & HE,Igor,Silver,Thales Rimoli,Leonardo Santos
1365722169,Content | TE & HE,pachecoltda,Bronze,Thales Rimoli,Vitor Almeida
1369622787,Content | Cross,uduluiz,Silver,Thales Rimoli,Carli Vasconcelos
1433577301,Content | TE & HE,promotom,Silver,Thales Rimoli,Leonardo Santos
1692585264,Content | TE & HE,fesi20240220132906,Silver,Thales Rimoli,Leonardo Santos
2199888578,Content | Cross,Patrick,Gold,Lucas Vesterman,Rodrigo Nogi
1885573171,Content | TE & HE,talkpcx,Silver,Thales Rimoli,Priscila Marques
182127937,Content | TE & HE,TD SERVICOS DIGITAIS LTDA,Silver,Thales Rimoli,Leonardo Santos
498902543,Content | TE & HE,gpcrpromo,Bronze,Thales Rimoli,Vitor Almeida
2427191885,Content | TE & HE,Wesley,Bronze,Thales Rimoli,Vitor Almeida
1365511504,Content | TE & HE,geekloko,Bronze,Thales Rimoli,Vitor Almeida
1712874783,Content | TE & HE,nerddeplantao,Silver,Thales Rimoli,Leonardo Santos
1416008866,Content | TE & HE,superconsumer23,Silver,Thales Rimoli,Leonardo Santos
776246463,Content | TE & HE,lucasbenevides,Bronze,Thales Rimoli,Vitor Almeida
134739278,Content | TE & HE,cmdias,Bronze,Thales Rimoli,Vitor Almeida
1078580092,Content | Cross,cupomonline,Silver,Thales Rimoli,Carli Vasconcelos
1230973601,Content | TE & HE,maxdicas,Bronze,Thales Rimoli,Vitor Almeida
1477441758,Content | TE & HE,meuplaystation,Bronze,Thales Rimoli,Vitor Almeida
1343085375,Content | TE & HE,felps,Silver,Thales Rimoli,Leonardo Santos
1251879558,Content | TE & HE,qualnotebook,Silver,Thales Rimoli,Leonardo Santos
268300847,Content | TE & HE,matheuskise,Silver,Thales Rimoli,Leonardo Santos
1365959356,Content | TE & HE,adrenalinemc,Bronze,Thales Rimoli,Vitor Almeida
1231082308,Content | TE & HE,m3midia,Bronze,Thales Rimoli,Vitor Almeida
1161200505,Content | TE & HE,mastertechjr,Silver,Thales Rimoli,Leonardo Santos
1342941619,Content | TE & HE,tecvariedades,Silver,Thales Rimoli,Leonardo Santos
202022997,Content | TE & HE,technatela,Silver,Thales Rimoli,Priscila Marques
1383038146,Content | TE & HE,iskandarsouza,Bronze,Thales Rimoli,Vitor Almeida
1381562962,Content | TE & HE,hardtec,Bronze,Thales Rimoli,Vitor Almeida
1426514854,Content | TE & HE,canalrssv,Bronze,Thales Rimoli,Vitor Almeida
2487802727,Content | TE & HE,pm20250610223237,Bronze,Thales Rimoli,Vitor Almeida
1159690723,Content | TE & HE,techmelhores,Silver,Thales Rimoli,Leonardo Santos
138261262,Content | TE & HE,tecnan,Silver,Thales Rimoli,Leonardo Santos
2698563936,Content | Cross,gl20250917111331,Gold,Lucas Vesterman,Alexandre Garcia
1427776750,Content | TE & HE,leotecnodia,Bronze,Thales Rimoli,Vitor Almeida
2563386886,Content | TE & HE,toptech,Bronze,Thales Rimoli,Vitor Almeida
1156310262,Content | Cross,sddescontos,Gold,Lucas Vesterman,Alexandre Garcia
1457441247,Content | Cross,cupons,Silver,Thales Rimoli,Priscila Marques
2417416990,Content | Cross,passageirodeprimeira,Bronze,Thales Rimoli,Nina Adler
1457548527,Content | Cross,sydescontinho,Bronze,Thales Rimoli,Nina Adler
251645009,Content | C&I + F&H,novosprodutos,Bronze,Thales Rimoli,Nina Adler
1531640488,Content | Cross,promobabykidsonlne,Bronze,Thales Rimoli,Nina Adler
1224327239,Content | LifeStyle,cardosohenrique20230309120708,Silver,Thales Rimoli,Priscila Marques
152436288,Content | Cross,gugaaprova,Silver,Thales Rimoli,Priscila Marques
495016443,Content | Cross,ofertasgeek,Gold,Lucas Vesterman,Alexandre Garcia
1947955373,Content | LifeStyle,guerradealsfit,Gold,Lucas Vesterman,Rodrigo Nogi
216487808,Content | LifeStyle,Salminus Fishing,Bronze,Thales Rimoli,Nina Adler
286249876,Content | LifeStyle,acheinapromo,Silver,Thales Rimoli,Priscila Marques
1425545713,Content | Cross,wolfpromos,Silver,Thales Rimoli,Priscila Marques
1478707361,Content | LifeStyle,marciavascouto,Silver,Thales Rimoli,Priscila Marques
1435262807,Content | Cross,tudonapromo,Silver,Thales Rimoli,Priscila Marques
1494770433,Content | Cross,gabpromo,Silver,Thales Rimoli,Priscila Marques
1447393059,Content | LifeStyle,rainha,Bronze,Thales Rimoli,Nina Adler
196205822,Content | LifeStyle,driisantiago,Bronze,Thales Rimoli,Nina Adler
618183409,Content | Cross,achadosdaccarol,Bronze,Thales Rimoli,Nina Adler
149518102,Content | Cross,bizudaspromocoes,Gold,Lucas Vesterman,Alexandre Garcia
1485438702,Content | Cross,promocoespremium,Bronze,Thales Rimoli,Nina Adler
1438016577,Content | Cross,promocoesdahoraofc,Bronze,Thales Rimoli,Nina Adler
1422595957,Content | Cross,boletandoofertas,Silver,Thales Rimoli,Priscila Marques
1455887437,Content | Cross,aquitempechincha,Silver,Thales Rimoli,Priscila Marques
129772863,Content | Cross,rayzaserri,Bronze,Thales Rimoli,Nina Adler
246606087,Content | Cross,donnadescontos,Silver,Thales Rimoli,Priscila Marques
1453179131,Content | Cross,topdescontosoficial,Silver,Thales Rimoli,Priscila Marques
2716163380,Content | Cross,dogpromo,Silver,Thales Rimoli,Priscila Marques
1468107040,Content | Cross,gafanhotoapp,Bronze,Thales Rimoli,Nina Adler
1291850544,Content | Cross,compreibarato,Bronze,Thales Rimoli,Nina Adler
2313173800,Content | Cross,ofertinhasecia,Silver,Thales Rimoli,Priscila Marques
4621837,Content | LifeStyle,achadinhoscomcarol,Silver,Thales Rimoli,Priscila Marques
340577258,Content | Cross,sabrinaclara89,Bronze,Thales Rimoli,Nina Adler
193597038,Content | Cross,alertacupons,Silver,Thales Rimoli,Priscila Marques
1241344300,Content | Cross,precinnnn,Bronze,Thales Rimoli,Nina Adler
1485217446,Content | Cross,promoon,Silver,Thales Rimoli,Priscila Marques
1442794904,Content | Cross,Economizanderson,Silver,Thales Rimoli,Priscila Marques
1391252882,Content | Cross,temdetudotchelo,Silver,Thales Rimoli,Priscila Marques
2202505476,Content | TE & HE,afneto_ofertas,Silver,Thales Rimoli,Priscila Marques
165269796,Content | Cross,felipericardo,Silver,Thales Rimoli,Priscila Marques
1173888746,Content | LifeStyle,babicunha,Bronze,Thales Rimoli,Nina Adler
2046114897,Content | Cross,fadadoscupons,Silver,Thales Rimoli,Priscila Marques
92792646,Content | Cross,samuelcout,Silver,Thales Rimoli,Priscila Marques
133467538,Content | Cross,mcsp,Gold,Lucas Vesterman,Rodrigo Nogi
74339904,Content | Cross,empoderado,Bronze,Thales Rimoli,Nina Adler
506619983,Content | Cross,j.efinhocg,Silver,Thales Rimoli,Priscila Marques
2221972417,Content | LifeStyle,pv20250120175912,Silver,Thales Rimoli,Priscila Marques
200355621,Content | Cross,ultreyamarketing,Gold,Lucas Vesterman,Alexandre Garcia
271562467,Content | Cross,apromoperfeitaofc,Bronze,Thales Rimoli,Nina Adler
323819368,Content | Cross,alupa,Gold,Lucas Vesterman,Rodrigo Nogi
255626570,Content | Cross,updesconto,Gold,Lucas Vesterman,Alexandre Garcia
1738465308,Content | Cross,promodaluh,Silver,Thales Rimoli,Priscila Marques
382194202,Content | Cross,igor,Bronze,Thales Rimoli,Nina Adler
2457362902,Content | LifeStyle,promosdebrother,Gold,Lucas Vesterman,Rodrigo Nogi
1896897919,Content | Cross,correqtabaratinho,Silver,Thales Rimoli,Priscila Marques
8964710,Content | Cross,upofertas,Bronze,Thales Rimoli,Nina Adler
224396924,Content | Cross,promo10,Bronze,Thales Rimoli,Nina Adler
33840664,Content | Cross,gatry,Bronze,Thales Rimoli,Nina Adler
802143494,Content | TE & HE,topvip,Bronze,Thales Rimoli,Nina Adler
19468151,Content | LifeStyle,andregrondini,Gold,Lucas Vesterman,Alexandre Garcia
402250878,Content | LifeStyle,promocoesdemamae,Silver,Thales Rimoli,Leonardo Santos
281170132,Content | LifeStyle,machomoda,Silver,Thales Rimoli,Leonardo Santos
1565324511,Content | LifeStyle,ritualdoskincare,Bronze,Thales Rimoli,Nina Adler
1089018457,Content | Cross,ofertinhas,Silver,Thales Rimoli,Carli Vasconcelos
154221658,Content | LifeStyle,apromoperfeita,Bronze,Thales Rimoli,Nina Adler
1039612355,Content | LifeStyle,higorrabeloperfumes,Bronze,Thales Rimoli,Nina Adler
1439548649,Content | Cross,promolojas,Bronze,Thales Rimoli,Nina Adler
1062207010,Content | LifeStyle,railanerailane20230705133414,Bronze,Thales Rimoli,Nina Adler
130560433,Content | LifeStyle,achadinhosdeamigass,Bronze,Thales Rimoli,Nina Adler
1454301449,Content | LifeStyle,carolaine_moreira,Bronze,Thales Rimoli,Nina Adler
1577887940,Content | LifeStyle,apromomen,Bronze,Thales Rimoli,Nina Adler
1493086612,Content | LifeStyle,carolainydrumond,Bronze,Thales Rimoli,Pedro Herrera
1433483327,Content | LifeStyle,promosdenat,Bronze,Thales Rimoli,Nina Adler
678670377,Content | LifeStyle,fofocadepromo,Bronze,Thales Rimoli,Pedro Herrera
2355030132,Content | LifeStyle,lcupons,Gold,Lucas Vesterman,Alexandre Garcia
1629748942,Content | LifeStyle,achadosdamag,Bronze,Thales Rimoli,Nina Adler
1833043019,Content | C&I + F&H,achadinhosdaabia,Silver,Thales Rimoli,Carli Vasconcelos
749072374,Content | LifeStyle,stellamedeirosa,Silver,Thales Rimoli,Leonardo Santos
2018031282,Content | LifeStyle,descontinhodemamae,Gold,Lucas Vesterman,Rodrigo Nogi
1799164964,Content | LifeStyle,anabeltrandicas,Bronze,Thales Rimoli,Nina Adler
508791975,Content | LifeStyle,queridoquerido,Bronze,Thales Rimoli,Pedro Herrera
1711897713,Content | LifeStyle,bigr20240305130819,Bronze,Thales Rimoli,Pedro Herrera
6454024,Content | LifeStyle,mamaeeconomica,Bronze,Thales Rimoli,Nina Adler
1428348382,Content | LifeStyle,promosdaheydi,Bronze,Thales Rimoli,Nina Adler
1116916668,Content | LifeStyle,compartilhandopromoo,Bronze,Thales Rimoli,Pedro Herrera
1273009574,Content | LifeStyle,organizavoce,Bronze,Thales Rimoli,Pedro Herrera
1231254149,Content | LifeStyle,tenislinks,Bronze,Thales Rimoli,Pedro Herrera
1000721580,Content | LifeStyle,gatasdegrife,Bronze,Thales Rimoli,Nina Adler
2296094924,Content | LifeStyle,dudufernandes,Gold,Lucas Vesterman,Alexandre Garcia
1436537652,Content | LifeStyle,clubebabypromos,Bronze,Thales Rimoli,Pedro Herrera
200159850,Content | LifeStyle,diariodapromo,Bronze,Thales Rimoli,Pedro Herrera
2901295274,Content | LifeStyle,achadosdaraina,Silver,Thales Rimoli,Leonardo Santos
192108822,Content | LifeStyle,ghlu3940964,Silver,Thales Rimoli,Leonardo Santos
261766502,Content | LifeStyle,sereiapromo,Bronze,Thales Rimoli,Pedro Herrera
190396660,Content | LifeStyle,lea.fabullosa14,Bronze,Thales Rimoli,Pedro Herrera
98120725,Content | LifeStyle,moisesnairon,Bronze,Thales Rimoli,Nina Adler
222773587,Content | LifeStyle,mamaedicas,Bronze,Thales Rimoli,Pedro Herrera
291812584,Content | LifeStyle,Julio Cezar,Bronze,Thales Rimoli,Pedro Herrera
420553279,Content | LifeStyle,maryajcs,Bronze,Thales Rimoli,Pedro Herrera
222432233,Content | LifeStyle,54 025 731 ANA LAURA LOPES CAR,Bronze,Thales Rimoli,Nina Adler
214393868,Content | LifeStyle,nufarias,Silver,Thales Rimoli,Leonardo Santos
105889403,Content | LifeStyle,yasmin,Bronze,Thales Rimoli,Nina Adler
1444756345,Content | LifeStyle,flapromo,Bronze,Thales Rimoli,Pedro Herrera
1047116544,Content | LifeStyle,natura,Bronze,Thales Rimoli,Pedro Herrera
229837054,Creator,shelovers,Creator,Caroline Marion Poveslo,
2577473496,Content | LifeStyle,pm20250722131714,Bronze,Thales Rimoli,Nina Adler
796286749,Content | LifeStyle,savewhey,Bronze,Thales Rimoli,Pedro Herrera
1486080662,Creator,leticiaapego,Creator,Caroline Marion Poveslo,
151927388,Content | LifeStyle,gameboxtabuleiro,Bronze,Thales Rimoli,Nina Adler
2342750641,Content | LifeStyle,variaspromos,Bronze,Thales Rimoli,Pedro Herrera
140193330,Content | LifeStyle,bibika-melissa13,Bronze,Thales Rimoli,Pedro Herrera
204594637,Content | LifeStyle,fehsette,Bronze,Thales Rimoli,Pedro Herrera
186353943,Content | LifeStyle,jessicabarbosa925,Bronze,Thales Rimoli,Nina Adler
3573775,Content | LifeStyle,reallregy,Bronze,Thales Rimoli,Pedro Herrera
237714394,Content | LifeStyle,achadinhoscariocas,Bronze,Thales Rimoli,Pedro Herrera
1162146115,Content | LifeStyle,le_balbi,Bronze,Thales Rimoli,Pedro Herrera
771699768,Content | LifeStyle,promoscatei,Silver,Thales Rimoli,Leonardo Santos
84848607,Content | C&I + F&H,achadosdakei,Bronze,Thales Rimoli,Pedro Herrera
2191021575,Content | C&I + F&H,dozeroaolar_,Bronze,Thales Rimoli,Pedro Herrera
206813338,Content | C&I + F&H,joycebbraga,Bronze,Thales Rimoli,Pedro Herrera
1045329161,Content | C&I + F&H,promodafeh,Bronze,Thales Rimoli,Pedro Herrera
529542790,Creator,Thaune Vasconcellos,Creator,Caroline Marion Poveslo,
227069148,Content | Cross,Joao Victor,Silver,Thales Rimoli,Carli Vasconcelos
1798042044,Content | C&I + F&H,leticiabraga,Bronze,Thales Rimoli,Pedro Herrera
2057503925,Content | C&I + F&H,ofertasdacasamoderna,Silver,Thales Rimoli,Carli Vasconcelos
181507452,Content | C&I + F&H,bizuparacasa,Bronze,Thales Rimoli,Pedro Herrera
1212259006,Content | C&I + F&H,enxovaldecasanovaa,Bronze,Thales Rimoli,Pedro Herrera
1080474231,Content | C&I + F&H,cu20241019112249,Gold,Lucas Vesterman,Rodrigo Nogi
15479744,Content | Cross,tedouumdesconto,Silver,Thales Rimoli,Carli Vasconcelos
2530242411,Content | C&I + F&H,aa20250703094505,Bronze,Thales Rimoli,Pedro Herrera
1463221781,Content | C&I + F&H,alvesjoel20230829033405,Silver,Thales Rimoli,Carli Vasconcelos
1334764746,Content | Cross,eieutil,Bronze,Thales Rimoli,Pedro Herrera
1381379875,Content | C&I + F&H,home-deofertas,Bronze,Thales Rimoli,Pedro Herrera
1782346872,Content | C&I + F&H,queridoachado,Bronze,Thales Rimoli,Pedro Herrera
277875863,Content | C&I + F&H,boal9312648,Bronze,Thales Rimoli,Pedro Herrera
1284825937,Content | C&I + F&H,custobeneficio,Bronze,Thales Rimoli,Pedro Herrera
659377853,Content | Cross,achadinhosdaflavia,Bronze,Thales Rimoli,Pedro Herrera
184149549,Content | Cross,madrugaodasofertas,Bronze,Thales Rimoli,Pedro Herrera
831284297,Content | C&I + F&H,casanovasv,Bronze,Thales Rimoli,Pedro Herrera
105244951,Content | C&I + F&H,piresmarcelo,Bronze,Thales Rimoli,Pedro Herrera
1457548566,Content | C&I + F&H,rodrigoferrari,Bronze,Thales Rimoli,Pedro Herrera
185995823,Content | C&I + F&H,paulinhaboque,Bronze,Thales Rimoli,Pedro Herrera
160680996,Content | TE & HE,leandrolacerdasantos,Bronze,Thales Rimoli,Pedro Herrera
140924150,Content | C&I + F&H,maximodenis06,Silver,Thales Rimoli,Priscila Marques
493772551,Content | Cross,cristiano,Bronze,Thales Rimoli,Pedro Herrera
1433928862,Content | C&I + F&H,opiniaosincera,Bronze,Thales Rimoli,Pedro Herrera
5399188,Content | Other,castrol5745,Silver,Thales Rimoli,Priscila Marques
619686179,Content | C&I + F&H,MNW Educacao e Tecnologia LTDA MNW Educacao e Tecnologia LTDA,Silver,Thales Rimoli,Carli Vasconcelos
2689238731,Content | Other,rodrigo,Silver,Thales Rimoli,Carli Vasconcelos
2128299586,Content | LifeStyle,esser,Silver,Thales Rimoli,Carli Vasconcelos
203854160,Content | LifeStyle,sc_servicos,Bronze,Thales Rimoli,Pedro Herrera
127160608,Content | C&I + F&H,lucasviper,Bronze,Thales Rimoli,Pedro Herrera
207302282,Content | Cross,promos4m,Diamond,Lucas Vesterman,Alexandre Garcia
555414187,Content | Cross,Xetdaspromocoes,Diamond,Lucas Vesterman,Rodrigo Nogi
1445776663,Content | Cross,JCAPUBLICIDADE,Diamond,Lucas Vesterman,Rodrigo Nogi
1454842874,Content | Cross,promocaozinha,Diamond,Lucas Vesterman,Alexandre Garcia
2490611911,Content | Cross,promozonevip,Diamond,Lucas Vesterman,Rodrigo Nogi
1477497679,Content | Cross,minutoreview,Diamond,Lucas Vesterman,Alexandre Garcia
488851324,Content | Cross,promosdodia,Diamond,Lucas Vesterman,Rodrigo Nogi
1286635153,Content | Cross,economizei,Diamond,Lucas Vesterman,Rodrigo Nogi
1236298302,Content | TE & HE,jersu,Gold,Lucas Vesterman,Rodrigo Nogi
1211756872,Content | TE & HE,lipe,Gold,Lucas Vesterman,Rodrigo Nogi
1464475202,Content | TE & HE,joaopsx,Diamond,Lucas Vesterman,Alexandre Garcia
1317961778,Content | TE & HE,thautec,Diamond,Lucas Vesterman,Alexandre Garcia
1245410086,Content | TE & HE,tukemperial,Gold,Lucas Vesterman,Rodrigo Nogi
338747893,Creator,denisson,Creator,Caroline Marion Poveslo,N/A